[{"model": "He_Loveapp.gender", "pk": 1, "fields": {"name": "Homme"}}, {"model": "He_Loveapp.gender", "pk": 2, "fields": {"name": "Femme"}}, {"model": "He_Loveapp.gender", "pk": 3, "fields": {"name": "Transexuel(le)"}}, {"model": "He_Loveapp.gender", "pk": 4, "fields": {"name": "Non binaire"}}, {"model": "He_Loveapp.gender", "pk": 5, "fields": {"name": "Bisexuel(le)"}}, {"model": "He_Loveapp.gender", "pk": 6, "fields": {"name": "Autre"}}, {"model": "He_Loveapp.interest", "pk": 1, "fields": {"description": "Gastronomie"}}, {"model": "He_Loveapp.interest", "pk": 2, "fields": {"description": "Sushi"}}, {"model": "He_Loveapp.interest", "pk": 3, "fields": {"description": "Théâtre"}}, {"model": "He_Loveapp.interest", "pk": 4, "fields": {"description": "Sneakers"}}, {"model": "He_Loveapp.interest", "pk": 5, "fields": {"description": "Instagram"}}, {"model": "He_Loveapp.interest", "pk": 6, "fields": {"description": "Marche à pied"}}, {"model": "He_Loveapp.interest", "pk": 7, "fields": {"description": "Course à pied"}}, {"model": "He_Loveapp.interest", "pk": 8, "fields": {"description": "Voyage"}}, {"model": "He_Loveapp.interest", "pk": 9, "fields": {"description": "Discussion dans une autre langue"}}, {"model": "He_Loveapp.interest", "pk": 10, "fields": {"description": "Cinéma"}}, {"model": "He_Loveapp.interest", "pk": 11, "fields": {"description": "Golf"}}, {"model": "He_Loveapp.interest", "pk": 12, "fields": {"description": "Photographie"}}, {"model": "He_Loveapp.interest", "pk": 13, "fields": {"description": "Lecture"}}, {"model": "He_Loveapp.interest", "pk": 14, "fields": {"description": "Sports"}}, {"model": "He_Loveapp.interest", "pk": 15, "fields": {"description": "Café"}}, {"model": "He_Loveapp.interest", "pk": 16, "fields": {"description": "Karaoké"}}, {"model": "He_Loveapp.interest", "pk": 17, "fields": {"description": "Prendre un verre"}}, {"model": "He_Loveapp.interest", "pk": 18, "fields": {"description": "Itinéraire gourmand"}}, {"model": "He_Loveapp.interest", "pk": 19, "fields": {"description": "Investissement"}}, {"model": "He_Loveapp.interest", "pk": 20, "fields": {"description": "Promener le chien"}}, {"model": "He_Loveapp.interest", "pk": 21, "fields": {"description": "Skateboard"}}, {"model": "He_Loveapp.interest", "pk": 22, "fields": {"description": "Navigation"}}, {"model": "He_Loveapp.interest", "pk": 23, "fields": {"description": "Shopping"}}, {"model": "He_Loveapp.interest", "pk": 24, "fields": {"description": "Brunch"}}, {"model": "He_Loveapp.interest", "pk": 25, "fields": {"description": "Introverti(e)"}}, {"model": "He_Loveapp.interest", "pk": 26, "fields": {"description": "Mode de seconde main"}}, {"model": "He_Loveapp.interest", "pk": 27, "fields": {"description": "Shopping de seconde main"}}, {"model": "He_Loveapp.interest", "pk": 28, "fields": {"description": "Road trips"}}, {"model": "He_Loveapp.interest", "pk": 29, "fields": {"description": "Fripes"}}, {"model": "He_Loveapp.interest", "pk": 30, "fields": {"description": "Voguing"}}, {"model": "He_Loveapp.interest", "pk": 31, "fields": {"description": "Couchsurfing"}}, {"model": "He_Loveapp.interest", "pk": 32, "fields": {"description": "Happy hour"}}, {"model": "He_Loveapp.interest", "pk": 33, "fields": {"description": "Se faire des amis"}}, {"model": "He_Loveapp.interest", "pk": 34, "fields": {"description": "Toujours partant(e)"}}, {"model": "He_Loveapp.interest", "pk": 35, "fields": {"description": "Relations sérieuses"}}, {"model": "He_Loveapp.interest", "pk": 36, "fields": {"description": "Rencontres sans permission"}}, {"model": "He_Loveapp.interest", "pk": 37, "fields": {"description": "Randonnée"}}, {"model": "He_Loveapp.interest", "pk": 38, "fields": {"description": "Extraverti(e)"}}, {"model": "He_Loveapp.interest", "pk": 39, "fields": {"description": "Pêche"}}, {"model": "He_Loveapp.interest", "pk": 40, "fields": {"description": "Tennis"}}, {"model": "He_Loveapp.interest", "pk": 41, "fields": {"description": "Pétanque"}}, {"model": "He_Loveapp.interest", "pk": 42, "fields": {"description": "Expositions"}}, {"model": "He_Loveapp.interest", "pk": 43, "fields": {"description": "Ski"}}, {"model": "He_Loveapp.interest", "pk": 44, "fields": {"description": "Snowboard"}}, {"model": "He_Loveapp.interest", "pk": 45, "fields": {"description": "Street food"}}, {"model": "He_Loveapp.interest", "pk": 46, "fields": {"description": "Festivals"}}, {"model": "He_Loveapp.interest", "pk": 47, "fields": {"description": "Crossfit"}}, {"model": "He_Loveapp.interest", "pk": 48, "fields": {"description": "Sports mécaniques"}}, {"model": "He_Loveapp.interest", "pk": 49, "fields": {"description": "E-sports"}}, {"model": "He_Loveapp.interest", "pk": 50, "fields": {"description": "Escalade"}}, {"model": "He_Loveapp.interest", "pk": 51, "fields": {"description": "Pâtisserie"}}, {"model": "He_Loveapp.interest", "pk": 52, "fields": {"description": "Blogs"}}, {"model": "He_Loveapp.interest", "pk": 53, "fields": {"description": "Végétalisme"}}, {"model": "He_Loveapp.interest", "pk": 54, "fields": {"description": "Start-ups"}}, {"model": "He_Loveapp.interest", "pk": 55, "fields": {"description": "Tatouage"}}, {"model": "He_Loveapp.interest", "pk": 56, "fields": {"description": "Vegan"}}, {"model": "He_Loveapp.interest", "pk": 57, "fields": {"description": "Surf"}}, {"model": "He_Loveapp.interest", "pk": 58, "fields": {"description": "Ecrivain(e)"}}, {"model": "He_Loveapp.interest", "pk": 59, "fields": {"description": "Végétarien(ne)"}}, {"model": "He_Loveapp.interest", "pk": 60, "fields": {"description": "Mode"}}, {"model": "He_Loveapp.interest", "pk": 61, "fields": {"description": "Jeux vidéo"}}, {"model": "He_Loveapp.interest", "pk": 62, "fields": {"description": "Astrologie"}}, {"model": "He_Loveapp.interest", "pk": 63, "fields": {"description": "Motos"}}, {"model": "He_Loveapp.interest", "pk": 64, "fields": {"description": "Spiritualité"}}, {"model": "He_Loveapp.interest", "pk": 65, "fields": {"description": "Cuisine"}}, {"model": "He_Loveapp.interest", "pk": 66, "fields": {"description": "Football"}}, {"model": "He_Loveapp.interest", "pk": 67, "fields": {"description": "Sur la piste"}}, {"model": "He_Loveapp.interest", "pk": 68, "fields": {"description": "Jardinage"}}, {"model": "He_Loveapp.interest", "pk": 69, "fields": {"description": "Cuisinier(ère) amateur(trice)"}}, {"model": "He_Loveapp.interest", "pk": 70, "fields": {"description": "Art"}}, {"model": "He_Loveapp.interest", "pk": 71, "fields": {"description": "Bricolage"}}, {"model": "He_Loveapp.interest", "pk": 72, "fields": {"description": "Politique"}}, {"model": "He_Loveapp.interest", "pk": 73, "fields": {"description": "Cyclisme"}}, {"model": "He_Loveapp.interest", "pk": 74, "fields": {"description": "Musée"}}, {"model": "He_Loveapp.interest", "pk": 75, "fields": {"description": "Nature"}}, {"model": "He_Loveapp.interest", "pk": 76, "fields": {"description": "Activisme"}}, {"model": "He_Loveapp.interest", "pk": 77, "fields": {"description": "Pique-nique"}}, {"model": "He_Loveapp.interest", "pk": 78, "fields": {"description": "Comédie"}}, {"model": "He_Loveapp.interest", "pk": 79, "fields": {"description": "Musique"}}, {"model": "He_Loveapp.interest", "pk": 80, "fields": {"description": "Netflix"}}, {"model": "He_Loveapp.interest", "pk": 81, "fields": {"description": "Disney"}}, {"model": "He_Loveapp.interest", "pk": 82, "fields": {"description": "Fêtes"}}, {"model": "He_Loveapp.interest", "pk": 83, "fields": {"description": "Tarot"}}, {"model": "He_Loveapp.interest", "pk": 84, "fields": {"description": "Podcasts"}}, {"model": "He_Loveapp.interest", "pk": 85, "fields": {"description": "Personne à chien"}}, {"model": "He_Loveapp.interest", "pk": 86, "fields": {"description": "BBQ"}}, {"model": "He_Loveapp.interest", "pk": 87, "fields": {"description": "Bières artisanales"}}, {"model": "He_Loveapp.interest", "pk": 88, "fields": {"description": "Natation"}}, {"model": "He_Loveapp.interest", "pk": 89, "fields": {"description": "Thé"}}, {"model": "He_Loveapp.interest", "pk": 90, "fields": {"description": "Jeux de société"}}, {"model": "He_Loveapp.interest", "pk": 91, "fields": {"description": "Tango"}}, {"model": "He_Loveapp.interest", "pk": 92, "fields": {"description": "Quiz et culture générale"}}, {"model": "He_Loveapp.interest", "pk": 93, "fields": {"description": "Bénévolat"}}, {"model": "He_Loveapp.interest", "pk": 94, "fields": {"description": "Ecologie"}}, {"model": "He_Loveapp.interest", "pk": 95, "fields": {"description": "Vin"}}, {"model": "He_Loveapp.interest", "pk": 96, "fields": {"description": "Vlogs"}}, {"model": "He_Loveapp.interest", "pk": 97, "fields": {"description": "Personne à chat"}}, {"model": "He_Loveapp.interest", "pk": 98, "fields": {"description": "Fitness"}}, {"model": "He_Loveapp.interest", "pk": 99, "fields": {"description": "Yoga"}}, {"model": "He_Loveapp.appuser", "pk": 5, "fields": {"birth_date": "2001-02-19", "gender": 1, "description": "Je m'appelle Matthieu", "rank": 0, "profile_picture": "userimages/user_5/pp.PNG"}}, {"model": "He_Loveapp.appuser", "pk": 6, "fields": {"birth_date": "1999-01-01", "gender": 1, "description": "Je m'appelle Kevin", "rank": 0, "profile_picture": "userimages/user_6/pp.PNG"}}, {"model": "He_Loveapp.appuser", "pk": 7, "fields": {"birth_date": "1999-01-01", "gender": 1, "description": "Je m'appelle William", "rank": 0, "profile_picture": "userimages/user_7/pp.PNG"}}, {"model": "He_Loveapp.appuser", "pk": 8, "fields": {"birth_date": "1997-08-20", "gender": 1, "description": "Je m'appelle Lenny", "rank": 0, "profile_picture": "userimages/user_8/pp.PNG"}}, {"model": "He_Loveapp.appuser", "pk": 9, "fields": {"birth_date": "1999-01-01", "gender": 1, "description": "Je m'appelle Ilyas", "rank": 0, "profile_picture": "userimages/user_9/pp.PNG"}}, {"model": "He_Loveapp.appuser", "pk": 10, "fields": {"birth_date": "1994-10-18", "gender": 1, "description": "Je m'appelle Luca", "rank": 0, "profile_picture": "userimages/user_10/pp.PNG"}}, {"model": "He_Loveapp.appuser", "pk": 11, "fields": {"birth_date": "1999-01-01", "gender": 1, "description": "Je m'appelle Milán", "rank": 0, "profile_picture": "userimages/user_11/pp.PNG"}}, {"model": "He_Loveapp.appuser", "pk": 12, "fields": {"birth_date": "1999-01-01", "gender": 1, "description": "Je m'appelle Bruno", "rank": 0, "profile_picture": "userimages/user_12/pp.PNG"}}, {"model": "He_Loveapp.appuser", "pk": 13, "fields": {"birth_date": "1999-01-01", "gender": 1, "description": "Je m'appelle Corentin", "rank": 0, "profile_picture": "userimages/user_13/pp.PNG"}}, {"model": "He_Loveapp.appuser", "pk": 14, "fields": {"birth_date": "1999-01-01", "gender": 1, "description": "Je m'appelle Gabriel", "rank": 0, "profile_picture": "userimages/user_14/pp.PNG"}}, {"model": "He_Loveapp.appuser", "pk": 15, "fields": {"birth_date": "1999-01-01", "gender": 1, "description": "Je m'appelle Massimo", "rank": 0, "profile_picture": "userimages/user_15/pp.PNG"}}, {"model": "He_Loveapp.appuser", "pk": 16, "fields": {"birth_date": "1999-01-01", "gender": 1, "description": "Je m'appelle Thierry", "rank": 0, "profile_picture": "userimages/user_16/pp.PNG"}}, {"model": "He_Loveapp.appuser", "pk": 17, "fields": {"birth_date": "1999-01-01", "gender": 1, "description": "Je m'appelle Loïc", "rank": 0, "profile_picture": "userimages/user_17/pp.PNG"}}, {"model": "He_Loveapp.appuser", "pk": 18, "fields": {"birth_date": "1999-01-01", "gender": 1, "description": "Je m'appelle Ulysse", "rank": 0, "profile_picture": "userimages/user_18/pp.PNG"}}, {"model": "He_Loveapp.appuser", "pk": 19, "fields": {"birth_date": "1999-01-01", "gender": 1, "description": "Je m'appelle Jarod", "rank": 0, "profile_picture": "userimages/user_19/pp.PNG"}}, {"model": "He_Loveapp.appuser", "pk": 20, "fields": {"birth_date": "1999-01-01", "gender": 1, "description": "Je m'appelle Valentino", "rank": 0, "profile_picture": "userimages/user_20/pp.PNG"}}, {"model": "He_Loveapp.appuser", "pk": 21, "fields": {"birth_date": "1999-01-01", "gender": 1, "description": "Je m'appelle Diogo", "rank": 0, "profile_picture": "userimages/user_21/pp.PNG"}}, {"model": "He_Loveapp.appuser", "pk": 22, "fields": {"birth_date": "1999-01-01", "gender": 1, "description": "Je m'appelle Amir", "rank": 0, "profile_picture": "userimages/user_22/pp.PNG"}}, {"model": "He_Loveapp.appuser", "pk": 23, "fields": {"birth_date": "1999-01-01", "gender": 2, "description": "Je m'appelle Yasmine", "rank": 0, "profile_picture": "userimages/user_23/pp.PNG"}}, {"model": "He_Loveapp.appuser", "pk": 24, "fields": {"birth_date": "1999-01-01", "gender": 1, "description": "Je m'appelle Simon", "rank": 0, "profile_picture": "userimages/user_24/pp.PNG"}}, {"model": "He_Loveapp.appuser", "pk": 25, "fields": {"birth_date": "1995-01-21", "gender": 1, "description": "Je suis spécial", "rank": 0, "profile_picture": "userimages/user_25/pp.PNG"}}, {"model": "He_Loveapp.appuser", "pk": 26, "fields": {"birth_date": "1999-01-01", "gender": 2, "description": "Je m'appelle Alexia", "rank": 0, "profile_picture": "userimages/user_26/pp.PNG"}}, {"model": "He_Loveapp.appuser", "pk": 27, "fields": {"birth_date": "1999-01-01", "gender": 1, "description": "Je m'appelle Alex", "rank": 0, "profile_picture": "userimages/user_27/pp.PNG"}}, {"model": "He_Loveapp.appuser", "pk": 28, "fields": {"birth_date": "2001-03-27", "gender": 3, "description": "J'ai encore des cheveux", "rank": 0, "profile_picture": "userimages/user_28/pp.PNG"}}, {"model": "He_Loveapp.appuser", "pk": 29, "fields": {"birth_date": "1999-01-01", "gender": 1, "description": "Je m'appelle David", "rank": 0, "profile_picture": "userimages/user_29/pp.PNG"}}, {"model": "He_Loveapp.appuser", "pk": 30, "fields": {"birth_date": "1999-01-01", "gender": 1, "description": "Je m'appelle Adam", "rank": 0, "profile_picture": "userimages/user_30/pp.PNG"}}, {"model": "He_Loveapp.appuser", "pk": 31, "fields": {"birth_date": "1999-01-01", "gender": 1, "description": "Je m'appelle Rémy", "rank": 0, "profile_picture": "userimages/user_31/pp.PNG"}}, {"model": "He_Loveapp.appuser", "pk": 32, "fields": {"birth_date": "1999-01-01", "gender": 1, "description": "Je m'appelle Aymeric", "rank": 0, "profile_picture": "userimages/user_32/pp.PNG"}}, {"model": "He_Loveapp.appuser", "pk": 33, "fields": {"birth_date": "1999-01-01", "gender": 2, "description": "Je m'appelle Tania", "rank": 0, "profile_picture": "userimages/user_33/pp.PNG"}}, {"model": "He_Loveapp.appuser", "pk": 34, "fields": {"birth_date": "1999-01-01", "gender": 1, "description": "Je m'appelle Thibault", "rank": 0, "profile_picture": "userimages/user_34/pp.PNG"}}, {"model": "He_Loveapp.appuser", "pk": 35, "fields": {"birth_date": "1999-01-01", "gender": 2, "description": "Je m'appelle Emma", "rank": 0, "profile_picture": "userimages/user_35/pp.PNG"}}, {"model": "He_Loveapp.appuser", "pk": 36, "fields": {"birth_date": "1999-01-01", "gender": 2, "description": "Je m'appelle Vjosa", "rank": 0, "profile_picture": "userimages/user_36/pp.PNG"}}, {"model": "He_Loveapp.appuser", "pk": 37, "fields": {"birth_date": "1999-01-01", "gender": 2, "description": "Je m'appelle Elvire", "rank": 0, "profile_picture": "userimages/user_37/pp.PNG"}}, {"model": "He_Loveapp.appuser", "pk": 38, "fields": {"birth_date": "1999-01-01", "gender": 2, "description": "Je m'appelle Elisa", "rank": 0, "profile_picture": "userimages/user_38/pp.PNG"}}, {"model": "He_Loveapp.appuser", "pk": 39, "fields": {"birth_date": "1999-01-01", "gender": 2, "description": "Je m'appelle Livia", "rank": 0, "profile_picture": "userimages/user_39/pp.PNG"}}, {"model": "He_Loveapp.appuser", "pk": 40, "fields": {"birth_date": "1999-01-01", "gender": 2, "description": "Je m'appelle Clara", "rank": 0, "profile_picture": "userimages/user_40/pp.PNG"}}, {"model": "He_Loveapp.appuser", "pk": 41, "fields": {"birth_date": "1999-01-01", "gender": 2, "description": "Je m'appelle Jessica", "rank": 0, "profile_picture": "userimages/user_41/pp.PNG"}}, {"model": "He_Loveapp.appuser", "pk": 42, "fields": {"birth_date": "1999-01-01", "gender": 2, "description": "Je m'appelle Audrey", "rank": 0, "profile_picture": "userimages/user_42/pp.PNG"}}, {"model": "He_Loveapp.appuser", "pk": 43, "fields": {"birth_date": "1999-01-01", "gender": 2, "description": "Je m'appelle Lorena", "rank": 0, "profile_picture": "userimages/user_43/pp.PNG"}}, {"model": "He_Loveapp.appuser", "pk": 44, "fields": {"birth_date": "1999-01-01", "gender": 2, "description": "Je m'appelle Jasmine", "rank": 0, "profile_picture": "userimages/user_44/pp.PNG"}}, {"model": "He_Loveapp.appuser", "pk": 46, "fields": {"birth_date": "1999-01-01", "gender": 1, "description": "Je m'appelle David", "rank": 1000, "profile_picture": "userimages/user_46/pp.jpg"}}, {"model": "He_Loveapp.appuser", "pk": 47, "fields": {"birth_date": "1999-01-01", "gender": 1, "description": "J'ai des cheveux rouges", "rank": 1000, "profile_picture": "userimages/user_47/pp.png"}}, {"model": "He_Loveapp.picture", "pk": 1, "fields": {"user": 5, "path": "userimages/user_5/pp_pOYPrhW.PNG"}}, {"model": "He_Loveapp.picture", "pk": 2, "fields": {"user": 6, "path": "userimages/user_6/pp_NFuWtfN.PNG"}}, {"model": "He_Loveapp.picture", "pk": 3, "fields": {"user": 7, "path": "userimages/user_7/pp_1UXsxcv.PNG"}}, {"model": "He_Loveapp.picture", "pk": 4, "fields": {"user": 8, "path": "userimages/user_8/pp_OL9fRrE.PNG"}}, {"model": "He_Loveapp.picture", "pk": 5, "fields": {"user": 9, "path": "userimages/user_9/pp_YW3dxt7.PNG"}}, {"model": "He_Loveapp.picture", "pk": 6, "fields": {"user": 10, "path": "userimages/user_10/pp_56nPVJh.PNG"}}, {"model": "He_Loveapp.picture", "pk": 7, "fields": {"user": 11, "path": "userimages/user_11/pp_9xyj39V.PNG"}}, {"model": "He_Loveapp.picture", "pk": 8, "fields": {"user": 12, "path": "userimages/user_12/pp_42J087Z.PNG"}}, {"model": "He_Loveapp.picture", "pk": 9, "fields": {"user": 13, "path": "userimages/user_13/pp_CAxeGGx.PNG"}}, {"model": "He_Loveapp.picture", "pk": 10, "fields": {"user": 14, "path": "userimages/user_14/pp_ghxeG8K.PNG"}}, {"model": "He_Loveapp.picture", "pk": 11, "fields": {"user": 15, "path": "userimages/user_15/pp_s84YRqK.PNG"}}, {"model": "He_Loveapp.picture", "pk": 12, "fields": {"user": 16, "path": "userimages/user_16/pp_j3OB8Jy.PNG"}}, {"model": "He_Loveapp.picture", "pk": 13, "fields": {"user": 17, "path": "userimages/user_17/pp_FQ9eGmN.PNG"}}, {"model": "He_Loveapp.picture", "pk": 14, "fields": {"user": 18, "path": "userimages/user_18/pp_QeYm1lq.PNG"}}, {"model": "He_Loveapp.picture", "pk": 15, "fields": {"user": 19, "path": "userimages/user_19/pp_TInzRoy.PNG"}}, {"model": "He_Loveapp.picture", "pk": 16, "fields": {"user": 20, "path": "userimages/user_20/pp_O5Rbzw7.PNG"}}, {"model": "He_Loveapp.picture", "pk": 17, "fields": {"user": 21, "path": "userimages/user_21/pp_A5Y51kV.PNG"}}, {"model": "He_Loveapp.picture", "pk": 18, "fields": {"user": 22, "path": "userimages/user_22/pp_ix6vNdr.PNG"}}, {"model": "He_Loveapp.picture", "pk": 19, "fields": {"user": 23, "path": "userimages/user_23/pp_i3TIbV0.PNG"}}, {"model": "He_Loveapp.picture", "pk": 20, "fields": {"user": 24, "path": "userimages/user_24/pp_Yu4RPW8.PNG"}}, {"model": "He_Loveapp.picture", "pk": 21, "fields": {"user": 25, "path": "userimages/user_25/pp_nvLqMFf.PNG"}}, {"model": "He_Loveapp.picture", "pk": 22, "fields": {"user": 26, "path": "userimages/user_26/pp_SP3gYCv.PNG"}}, {"model": "He_Loveapp.picture", "pk": 23, "fields": {"user": 27, "path": "userimages/user_27/pp_KcT3A10.PNG"}}, {"model": "He_Loveapp.picture", "pk": 24, "fields": {"user": 28, "path": "userimages/user_28/pp_uoQkrbN.PNG"}}, {"model": "He_Loveapp.picture", "pk": 25, "fields": {"user": 29, "path": "userimages/user_29/pp_olEXH2x.PNG"}}, {"model": "He_Loveapp.picture", "pk": 26, "fields": {"user": 30, "path": "userimages/user_30/pp_wj6LTtN.PNG"}}, {"model": "He_Loveapp.picture", "pk": 27, "fields": {"user": 31, "path": "userimages/user_31/pp_iVg8Fry.PNG"}}, {"model": "He_Loveapp.picture", "pk": 28, "fields": {"user": 32, "path": "userimages/user_32/pp_bMIo9G4.PNG"}}, {"model": "He_Loveapp.picture", "pk": 29, "fields": {"user": 33, "path": "userimages/user_33/pp_ahGXbVk.PNG"}}, {"model": "He_Loveapp.picture", "pk": 30, "fields": {"user": 34, "path": "userimages/user_34/pp_xOAAU6D.PNG"}}, {"model": "He_Loveapp.picture", "pk": 31, "fields": {"user": 35, "path": "userimages/user_35/pp_mboUoTl.PNG"}}, {"model": "He_Loveapp.picture", "pk": 32, "fields": {"user": 36, "path": "userimages/user_36/pp_yrhWM40.PNG"}}, {"model": "He_Loveapp.picture", "pk": 33, "fields": {"user": 37, "path": "userimages/user_37/pp_rUW8sIo.PNG"}}, {"model": "He_Loveapp.picture", "pk": 34, "fields": {"user": 38, "path": "userimages/user_38/pp_shsobkI.PNG"}}, {"model": "He_Loveapp.picture", "pk": 35, "fields": {"user": 39, "path": "userimages/user_39/pp_RoHNE3K.PNG"}}, {"model": "He_Loveapp.picture", "pk": 36, "fields": {"user": 40, "path": "userimages/user_40/pp_nU3VwjM.PNG"}}, {"model": "He_Loveapp.picture", "pk": 37, "fields": {"user": 41, "path": "userimages/user_41/pp_kJLS8yz.PNG"}}, {"model": "He_Loveapp.picture", "pk": 38, "fields": {"user": 42, "path": "userimages/user_42/pp_wrHtZ31.PNG"}}, {"model": "He_Loveapp.picture", "pk": 39, "fields": {"user": 43, "path": "userimages/user_43/pp_HAdW3oA.PNG"}}, {"model": "He_Loveapp.picture", "pk": 40, "fields": {"user": 44, "path": "userimages/user_44/pp_PnMT7w7.PNG"}}, {"model": "He_Loveapp.picture", "pk": 43, "fields": {"user": 46, "path": "userimages/user_46/pp_mH5togg.jpg"}}, {"model": "He_Loveapp.picture", "pk": 44, "fields": {"user": 46, "path": "userimages/user_46/pp.png"}}, {"model": "He_Loveapp.picture", "pk": 45, "fields": {"user": 46, "path": "userimages/user_46/pp_SsD9JW3.jpg"}}, {"model": "He_Loveapp.picture", "pk": 46, "fields": {"user": 46, "path": "userimages/user_46/pp_bDH02Ju.jpg"}}, {"model": "He_Loveapp.picture", "pk": 47, "fields": {"user": 47, "path": "userimages/user_47/pp_md4oBBN.png"}}, {"model": "He_Loveapp.picture", "pk": 48, "fields": {"user": 47, "path": "userimages/user_47/pp.jpg"}}, {"model": "He_Loveapp.picture", "pk": 49, "fields": {"user": 47, "path": "userimages/user_47/pp_r5U4D1k.jpg"}}, {"model": "He_Loveapp.picture", "pk": 50, "fields": {"user": 47, "path": "userimages/user_47/pp_ZcOifr5.PNG"}}, {"model": "He_Loveapp.picture", "pk": 51, "fields": {"user": 47, "path": "userimages/user_47/pp_TWCfetK.jpg"}}, {"model": "He_Loveapp.user_interest", "pk": 16, "fields": {"user": 5, "interest": 20}}, {"model": "He_Loveapp.user_interest", "pk": 17, "fields": {"user": 5, "interest": 33}}, {"model": "He_Loveapp.user_interest", "pk": 18, "fields": {"user": 5, "interest": 48}}, {"model": "He_Loveapp.user_interest", "pk": 19, "fields": {"user": 5, "interest": 50}}, {"model": "He_Loveapp.user_interest", "pk": 20, "fields": {"user": 5, "interest": 86}}, {"model": "He_Loveapp.user_interest", "pk": 21, "fields": {"user": 6, "interest": 32}}, {"model": "He_Loveapp.user_interest", "pk": 22, "fields": {"user": 6, "interest": 50}}, {"model": "He_Loveapp.user_interest", "pk": 23, "fields": {"user": 6, "interest": 64}}, {"model": "He_Loveapp.user_interest", "pk": 24, "fields": {"user": 6, "interest": 81}}, {"model": "He_Loveapp.user_interest", "pk": 25, "fields": {"user": 6, "interest": 84}}, {"model": "He_Loveapp.user_interest", "pk": 26, "fields": {"user": 7, "interest": 21}}, {"model": "He_Loveapp.user_interest", "pk": 27, "fields": {"user": 7, "interest": 36}}, {"model": "He_Loveapp.user_interest", "pk": 28, "fields": {"user": 7, "interest": 46}}, {"model": "He_Loveapp.user_interest", "pk": 29, "fields": {"user": 7, "interest": 66}}, {"model": "He_Loveapp.user_interest", "pk": 30, "fields": {"user": 7, "interest": 97}}, {"model": "He_Loveapp.user_interest", "pk": 31, "fields": {"user": 8, "interest": 21}}, {"model": "He_Loveapp.user_interest", "pk": 32, "fields": {"user": 8, "interest": 63}}, {"model": "He_Loveapp.user_interest", "pk": 33, "fields": {"user": 8, "interest": 80}}, {"model": "He_Loveapp.user_interest", "pk": 34, "fields": {"user": 8, "interest": 98}}, {"model": "He_Loveapp.user_interest", "pk": 35, "fields": {"user": 8, "interest": 99}}, {"model": "He_Loveapp.user_interest", "pk": 36, "fields": {"user": 9, "interest": 45}}, {"model": "He_Loveapp.user_interest", "pk": 37, "fields": {"user": 9, "interest": 77}}, {"model": "He_Loveapp.user_interest", "pk": 38, "fields": {"user": 9, "interest": 79}}, {"model": "He_Loveapp.user_interest", "pk": 39, "fields": {"user": 9, "interest": 90}}, {"model": "He_Loveapp.user_interest", "pk": 40, "fields": {"user": 9, "interest": 92}}, {"model": "He_Loveapp.user_interest", "pk": 41, "fields": {"user": 10, "interest": 9}}, {"model": "He_Loveapp.user_interest", "pk": 42, "fields": {"user": 10, "interest": 15}}, {"model": "He_Loveapp.user_interest", "pk": 43, "fields": {"user": 10, "interest": 26}}, {"model": "He_Loveapp.user_interest", "pk": 44, "fields": {"user": 10, "interest": 32}}, {"model": "He_Loveapp.user_interest", "pk": 45, "fields": {"user": 10, "interest": 63}}, {"model": "He_Loveapp.user_interest", "pk": 46, "fields": {"user": 11, "interest": 14}}, {"model": "He_Loveapp.user_interest", "pk": 47, "fields": {"user": 11, "interest": 23}}, {"model": "He_Loveapp.user_interest", "pk": 48, "fields": {"user": 11, "interest": 46}}, {"model": "He_Loveapp.user_interest", "pk": 49, "fields": {"user": 11, "interest": 55}}, {"model": "He_Loveapp.user_interest", "pk": 50, "fields": {"user": 11, "interest": 97}}, {"model": "He_Loveapp.user_interest", "pk": 51, "fields": {"user": 12, "interest": 20}}, {"model": "He_Loveapp.user_interest", "pk": 52, "fields": {"user": 12, "interest": 54}}, {"model": "He_Loveapp.user_interest", "pk": 53, "fields": {"user": 12, "interest": 68}}, {"model": "He_Loveapp.user_interest", "pk": 54, "fields": {"user": 12, "interest": 95}}, {"model": "He_Loveapp.user_interest", "pk": 55, "fields": {"user": 12, "interest": 99}}, {"model": "He_Loveapp.user_interest", "pk": 56, "fields": {"user": 13, "interest": 20}}, {"model": "He_Loveapp.user_interest", "pk": 57, "fields": {"user": 13, "interest": 39}}, {"model": "He_Loveapp.user_interest", "pk": 58, "fields": {"user": 13, "interest": 63}}, {"model": "He_Loveapp.user_interest", "pk": 59, "fields": {"user": 13, "interest": 69}}, {"model": "He_Loveapp.user_interest", "pk": 60, "fields": {"user": 13, "interest": 73}}, {"model": "He_Loveapp.user_interest", "pk": 61, "fields": {"user": 14, "interest": 33}}, {"model": "He_Loveapp.user_interest", "pk": 62, "fields": {"user": 14, "interest": 45}}, {"model": "He_Loveapp.user_interest", "pk": 63, "fields": {"user": 14, "interest": 49}}, {"model": "He_Loveapp.user_interest", "pk": 64, "fields": {"user": 14, "interest": 52}}, {"model": "He_Loveapp.user_interest", "pk": 65, "fields": {"user": 14, "interest": 81}}, {"model": "He_Loveapp.user_interest", "pk": 66, "fields": {"user": 15, "interest": 35}}, {"model": "He_Loveapp.user_interest", "pk": 67, "fields": {"user": 15, "interest": 37}}, {"model": "He_Loveapp.user_interest", "pk": 68, "fields": {"user": 15, "interest": 45}}, {"model": "He_Loveapp.user_interest", "pk": 69, "fields": {"user": 15, "interest": 46}}, {"model": "He_Loveapp.user_interest", "pk": 70, "fields": {"user": 15, "interest": 54}}, {"model": "He_Loveapp.user_interest", "pk": 71, "fields": {"user": 16, "interest": 5}}, {"model": "He_Loveapp.user_interest", "pk": 72, "fields": {"user": 16, "interest": 27}}, {"model": "He_Loveapp.user_interest", "pk": 73, "fields": {"user": 16, "interest": 28}}, {"model": "He_Loveapp.user_interest", "pk": 74, "fields": {"user": 16, "interest": 34}}, {"model": "He_Loveapp.user_interest", "pk": 75, "fields": {"user": 16, "interest": 64}}, {"model": "He_Loveapp.user_interest", "pk": 76, "fields": {"user": 17, "interest": 2}}, {"model": "He_Loveapp.user_interest", "pk": 77, "fields": {"user": 17, "interest": 11}}, {"model": "He_Loveapp.user_interest", "pk": 78, "fields": {"user": 17, "interest": 12}}, {"model": "He_Loveapp.user_interest", "pk": 79, "fields": {"user": 17, "interest": 13}}, {"model": "He_Loveapp.user_interest", "pk": 80, "fields": {"user": 17, "interest": 48}}, {"model": "He_Loveapp.user_interest", "pk": 81, "fields": {"user": 18, "interest": 17}}, {"model": "He_Loveapp.user_interest", "pk": 82, "fields": {"user": 18, "interest": 45}}, {"model": "He_Loveapp.user_interest", "pk": 83, "fields": {"user": 18, "interest": 47}}, {"model": "He_Loveapp.user_interest", "pk": 84, "fields": {"user": 18, "interest": 60}}, {"model": "He_Loveapp.user_interest", "pk": 85, "fields": {"user": 18, "interest": 61}}, {"model": "He_Loveapp.user_interest", "pk": 86, "fields": {"user": 19, "interest": 11}}, {"model": "He_Loveapp.user_interest", "pk": 87, "fields": {"user": 19, "interest": 33}}, {"model": "He_Loveapp.user_interest", "pk": 88, "fields": {"user": 19, "interest": 56}}, {"model": "He_Loveapp.user_interest", "pk": 89, "fields": {"user": 19, "interest": 81}}, {"model": "He_Loveapp.user_interest", "pk": 90, "fields": {"user": 19, "interest": 83}}, {"model": "He_Loveapp.user_interest", "pk": 91, "fields": {"user": 20, "interest": 18}}, {"model": "He_Loveapp.user_interest", "pk": 92, "fields": {"user": 20, "interest": 26}}, {"model": "He_Loveapp.user_interest", "pk": 93, "fields": {"user": 20, "interest": 44}}, {"model": "He_Loveapp.user_interest", "pk": 94, "fields": {"user": 20, "interest": 50}}, {"model": "He_Loveapp.user_interest", "pk": 95, "fields": {"user": 20, "interest": 83}}, {"model": "He_Loveapp.user_interest", "pk": 96, "fields": {"user": 21, "interest": 18}}, {"model": "He_Loveapp.user_interest", "pk": 97, "fields": {"user": 21, "interest": 69}}, {"model": "He_Loveapp.user_interest", "pk": 98, "fields": {"user": 21, "interest": 80}}, {"model": "He_Loveapp.user_interest", "pk": 99, "fields": {"user": 21, "interest": 84}}, {"model": "He_Loveapp.user_interest", "pk": 100, "fields": {"user": 21, "interest": 85}}, {"model": "He_Loveapp.user_interest", "pk": 101, "fields": {"user": 22, "interest": 2}}, {"model": "He_Loveapp.user_interest", "pk": 102, "fields": {"user": 22, "interest": 3}}, {"model": "He_Loveapp.user_interest", "pk": 103, "fields": {"user": 22, "interest": 32}}, {"model": "He_Loveapp.user_interest", "pk": 104, "fields": {"user": 22, "interest": 48}}, {"model": "He_Loveapp.user_interest", "pk": 105, "fields": {"user": 22, "interest": 51}}, {"model": "He_Loveapp.user_interest", "pk": 106, "fields": {"user": 23, "interest": 3}}, {"model": "He_Loveapp.user_interest", "pk": 107, "fields": {"user": 23, "interest": 4}}, {"model": "He_Loveapp.user_interest", "pk": 108, "fields": {"user": 23, "interest": 19}}, {"model": "He_Loveapp.user_interest", "pk": 109, "fields": {"user": 23, "interest": 48}}, {"model": "He_Loveapp.user_interest", "pk": 110, "fields": {"user": 23, "interest": 50}}, {"model": "He_Loveapp.user_interest", "pk": 111, "fields": {"user": 24, "interest": 1}}, {"model": "He_Loveapp.user_interest", "pk": 112, "fields": {"user": 24, "interest": 2}}, {"model": "He_Loveapp.user_interest", "pk": 113, "fields": {"user": 24, "interest": 18}}, {"model": "He_Loveapp.user_interest", "pk": 114, "fields": {"user": 24, "interest": 19}}, {"model": "He_Loveapp.user_interest", "pk": 115, "fields": {"user": 24, "interest": 49}}, {"model": "He_Loveapp.user_interest", "pk": 116, "fields": {"user": 25, "interest": 13}}, {"model": "He_Loveapp.user_interest", "pk": 117, "fields": {"user": 25, "interest": 36}}, {"model": "He_Loveapp.user_interest", "pk": 118, "fields": {"user": 25, "interest": 39}}, {"model": "He_Loveapp.user_interest", "pk": 119, "fields": {"user": 25, "interest": 41}}, {"model": "He_Loveapp.user_interest", "pk": 120, "fields": {"user": 25, "interest": 53}}, {"model": "He_Loveapp.user_interest", "pk": 121, "fields": {"user": 26, "interest": 3}}, {"model": "He_Loveapp.user_interest", "pk": 122, "fields": {"user": 26, "interest": 4}}, {"model": "He_Loveapp.user_interest", "pk": 123, "fields": {"user": 26, "interest": 19}}, {"model": "He_Loveapp.user_interest", "pk": 124, "fields": {"user": 26, "interest": 51}}, {"model": "He_Loveapp.user_interest", "pk": 125, "fields": {"user": 26, "interest": 52}}, {"model": "He_Loveapp.user_interest", "pk": 126, "fields": {"user": 27, "interest": 19}}, {"model": "He_Loveapp.user_interest", "pk": 127, "fields": {"user": 27, "interest": 52}}, {"model": "He_Loveapp.user_interest", "pk": 128, "fields": {"user": 27, "interest": 64}}, {"model": "He_Loveapp.user_interest", "pk": 129, "fields": {"user": 27, "interest": 65}}, {"model": "He_Loveapp.user_interest", "pk": 130, "fields": {"user": 27, "interest": 66}}, {"model": "He_Loveapp.user_interest", "pk": 131, "fields": {"user": 28, "interest": 9}}, {"model": "He_Loveapp.user_interest", "pk": 132, "fields": {"user": 28, "interest": 10}}, {"model": "He_Loveapp.user_interest", "pk": 133, "fields": {"user": 28, "interest": 18}}, {"model": "He_Loveapp.user_interest", "pk": 134, "fields": {"user": 28, "interest": 36}}, {"model": "He_Loveapp.user_interest", "pk": 135, "fields": {"user": 28, "interest": 81}}, {"model": "He_Loveapp.user_interest", "pk": 136, "fields": {"user": 29, "interest": 18}}, {"model": "He_Loveapp.user_interest", "pk": 137, "fields": {"user": 29, "interest": 19}}, {"model": "He_Loveapp.user_interest", "pk": 138, "fields": {"user": 29, "interest": 34}}, {"model": "He_Loveapp.user_interest", "pk": 139, "fields": {"user": 29, "interest": 79}}, {"model": "He_Loveapp.user_interest", "pk": 140, "fields": {"user": 29, "interest": 80}}, {"model": "He_Loveapp.user_interest", "pk": 141, "fields": {"user": 30, "interest": 7}}, {"model": "He_Loveapp.user_interest", "pk": 142, "fields": {"user": 30, "interest": 17}}, {"model": "He_Loveapp.user_interest", "pk": 143, "fields": {"user": 30, "interest": 18}}, {"model": "He_Loveapp.user_interest", "pk": 144, "fields": {"user": 30, "interest": 47}}, {"model": "He_Loveapp.user_interest", "pk": 145, "fields": {"user": 30, "interest": 52}}, {"model": "He_Loveapp.user_interest", "pk": 146, "fields": {"user": 31, "interest": 33}}, {"model": "He_Loveapp.user_interest", "pk": 147, "fields": {"user": 31, "interest": 58}}, {"model": "He_Loveapp.user_interest", "pk": 148, "fields": {"user": 31, "interest": 69}}, {"model": "He_Loveapp.user_interest", "pk": 149, "fields": {"user": 31, "interest": 74}}, {"model": "He_Loveapp.user_interest", "pk": 150, "fields": {"user": 31, "interest": 80}}, {"model": "He_Loveapp.user_interest", "pk": 151, "fields": {"user": 32, "interest": 7}}, {"model": "He_Loveapp.user_interest", "pk": 152, "fields": {"user": 32, "interest": 21}}, {"model": "He_Loveapp.user_interest", "pk": 153, "fields": {"user": 32, "interest": 34}}, {"model": "He_Loveapp.user_interest", "pk": 154, "fields": {"user": 32, "interest": 49}}, {"model": "He_Loveapp.user_interest", "pk": 155, "fields": {"user": 32, "interest": 67}}, {"model": "He_Loveapp.user_interest", "pk": 156, "fields": {"user": 33, "interest": 6}}, {"model": "He_Loveapp.user_interest", "pk": 157, "fields": {"user": 33, "interest": 7}}, {"model": "He_Loveapp.user_interest", "pk": 158, "fields": {"user": 33, "interest": 19}}, {"model": "He_Loveapp.user_interest", "pk": 159, "fields": {"user": 33, "interest": 32}}, {"model": "He_Loveapp.user_interest", "pk": 160, "fields": {"user": 33, "interest": 46}}, {"model": "He_Loveapp.user_interest", "pk": 161, "fields": {"user": 34, "interest": 7}}, {"model": "He_Loveapp.user_interest", "pk": 162, "fields": {"user": 34, "interest": 21}}, {"model": "He_Loveapp.user_interest", "pk": 163, "fields": {"user": 34, "interest": 34}}, {"model": "He_Loveapp.user_interest", "pk": 164, "fields": {"user": 34, "interest": 49}}, {"model": "He_Loveapp.user_interest", "pk": 165, "fields": {"user": 34, "interest": 67}}, {"model": "He_Loveapp.user_interest", "pk": 166, "fields": {"user": 35, "interest": 18}}, {"model": "He_Loveapp.user_interest", "pk": 167, "fields": {"user": 35, "interest": 23}}, {"model": "He_Loveapp.user_interest", "pk": 168, "fields": {"user": 35, "interest": 26}}, {"model": "He_Loveapp.user_interest", "pk": 169, "fields": {"user": 35, "interest": 56}}, {"model": "He_Loveapp.user_interest", "pk": 170, "fields": {"user": 35, "interest": 64}}, {"model": "He_Loveapp.user_interest", "pk": 171, "fields": {"user": 36, "interest": 4}}, {"model": "He_Loveapp.user_interest", "pk": 172, "fields": {"user": 36, "interest": 19}}, {"model": "He_Loveapp.user_interest", "pk": 173, "fields": {"user": 36, "interest": 33}}, {"model": "He_Loveapp.user_interest", "pk": 174, "fields": {"user": 36, "interest": 49}}, {"model": "He_Loveapp.user_interest", "pk": 175, "fields": {"user": 36, "interest": 52}}, {"model": "He_Loveapp.user_interest", "pk": 176, "fields": {"user": 37, "interest": 6}}, {"model": "He_Loveapp.user_interest", "pk": 177, "fields": {"user": 37, "interest": 20}}, {"model": "He_Loveapp.user_interest", "pk": 178, "fields": {"user": 37, "interest": 34}}, {"model": "He_Loveapp.user_interest", "pk": 179, "fields": {"user": 37, "interest": 49}}, {"model": "He_Loveapp.user_interest", "pk": 180, "fields": {"user": 37, "interest": 67}}, {"model": "He_Loveapp.user_interest", "pk": 181, "fields": {"user": 38, "interest": 9}}, {"model": "He_Loveapp.user_interest", "pk": 182, "fields": {"user": 38, "interest": 24}}, {"model": "He_Loveapp.user_interest", "pk": 183, "fields": {"user": 38, "interest": 36}}, {"model": "He_Loveapp.user_interest", "pk": 184, "fields": {"user": 38, "interest": 53}}, {"model": "He_Loveapp.user_interest", "pk": 185, "fields": {"user": 38, "interest": 69}}, {"model": "He_Loveapp.user_interest", "pk": 186, "fields": {"user": 39, "interest": 9}}, {"model": "He_Loveapp.user_interest", "pk": 187, "fields": {"user": 39, "interest": 22}}, {"model": "He_Loveapp.user_interest", "pk": 188, "fields": {"user": 39, "interest": 23}}, {"model": "He_Loveapp.user_interest", "pk": 189, "fields": {"user": 39, "interest": 24}}, {"model": "He_Loveapp.user_interest", "pk": 190, "fields": {"user": 39, "interest": 35}}, {"model": "He_Loveapp.user_interest", "pk": 191, "fields": {"user": 40, "interest": 9}}, {"model": "He_Loveapp.user_interest", "pk": 192, "fields": {"user": 40, "interest": 32}}, {"model": "He_Loveapp.user_interest", "pk": 193, "fields": {"user": 40, "interest": 37}}, {"model": "He_Loveapp.user_interest", "pk": 194, "fields": {"user": 40, "interest": 64}}, {"model": "He_Loveapp.user_interest", "pk": 195, "fields": {"user": 40, "interest": 90}}, {"model": "He_Loveapp.user_interest", "pk": 196, "fields": {"user": 41, "interest": 1}}, {"model": "He_Loveapp.user_interest", "pk": 197, "fields": {"user": 41, "interest": 3}}, {"model": "He_Loveapp.user_interest", "pk": 198, "fields": {"user": 41, "interest": 6}}, {"model": "He_Loveapp.user_interest", "pk": 199, "fields": {"user": 41, "interest": 9}}, {"model": "He_Loveapp.user_interest", "pk": 200, "fields": {"user": 41, "interest": 57}}, {"model": "He_Loveapp.user_interest", "pk": 201, "fields": {"user": 42, "interest": 9}}, {"model": "He_Loveapp.user_interest", "pk": 202, "fields": {"user": 42, "interest": 34}}, {"model": "He_Loveapp.user_interest", "pk": 203, "fields": {"user": 42, "interest": 60}}, {"model": "He_Loveapp.user_interest", "pk": 204, "fields": {"user": 42, "interest": 78}}, {"model": "He_Loveapp.user_interest", "pk": 205, "fields": {"user": 42, "interest": 80}}, {"model": "He_Loveapp.user_interest", "pk": 206, "fields": {"user": 43, "interest": 6}}, {"model": "He_Loveapp.user_interest", "pk": 207, "fields": {"user": 43, "interest": 20}}, {"model": "He_Loveapp.user_interest", "pk": 208, "fields": {"user": 43, "interest": 33}}, {"model": "He_Loveapp.user_interest", "pk": 209, "fields": {"user": 43, "interest": 48}}, {"model": "He_Loveapp.user_interest", "pk": 210, "fields": {"user": 43, "interest": 66}}, {"model": "He_Loveapp.user_interest", "pk": 211, "fields": {"user": 44, "interest": 9}}, {"model": "He_Loveapp.user_interest", "pk": 212, "fields": {"user": 44, "interest": 18}}, {"model": "He_Loveapp.user_interest", "pk": 213, "fields": {"user": 44, "interest": 32}}, {"model": "He_Loveapp.user_interest", "pk": 214, "fields": {"user": 44, "interest": 65}}, {"model": "He_Loveapp.user_interest", "pk": 215, "fields": {"user": 44, "interest": 71}}, {"model": "He_Loveapp.user_interest", "pk": 231, "fields": {"user": 47, "interest": 11}}, {"model": "He_Loveapp.user_interest", "pk": 232, "fields": {"user": 46, "interest": 83}}, {"model": "He_Loveapp.user_gender_interest", "pk": 4, "fields": {"user": 5, "gender": 1}}, {"model": "He_Loveapp.user_gender_interest", "pk": 5, "fields": {"user": 5, "gender": 2}}, {"model": "He_Loveapp.user_gender_interest", "pk": 6, "fields": {"user": 5, "gender": 3}}, {"model": "He_Loveapp.user_gender_interest", "pk": 7, "fields": {"user": 5, "gender": 4}}, {"model": "He_Loveapp.user_gender_interest", "pk": 8, "fields": {"user": 5, "gender": 5}}, {"model": "He_Loveapp.user_gender_interest", "pk": 9, "fields": {"user": 6, "gender": 1}}, {"model": "He_Loveapp.user_gender_interest", "pk": 10, "fields": {"user": 6, "gender": 2}}, {"model": "He_Loveapp.user_gender_interest", "pk": 11, "fields": {"user": 6, "gender": 3}}, {"model": "He_Loveapp.user_gender_interest", "pk": 12, "fields": {"user": 6, "gender": 4}}, {"model": "He_Loveapp.user_gender_interest", "pk": 13, "fields": {"user": 6, "gender": 5}}, {"model": "He_Loveapp.user_gender_interest", "pk": 14, "fields": {"user": 7, "gender": 1}}, {"model": "He_Loveapp.user_gender_interest", "pk": 15, "fields": {"user": 7, "gender": 2}}, {"model": "He_Loveapp.user_gender_interest", "pk": 16, "fields": {"user": 7, "gender": 3}}, {"model": "He_Loveapp.user_gender_interest", "pk": 17, "fields": {"user": 7, "gender": 4}}, {"model": "He_Loveapp.user_gender_interest", "pk": 18, "fields": {"user": 7, "gender": 5}}, {"model": "He_Loveapp.user_gender_interest", "pk": 19, "fields": {"user": 8, "gender": 2}}, {"model": "He_Loveapp.user_gender_interest", "pk": 20, "fields": {"user": 9, "gender": 1}}, {"model": "He_Loveapp.user_gender_interest", "pk": 21, "fields": {"user": 9, "gender": 2}}, {"model": "He_Loveapp.user_gender_interest", "pk": 22, "fields": {"user": 9, "gender": 3}}, {"model": "He_Loveapp.user_gender_interest", "pk": 23, "fields": {"user": 9, "gender": 4}}, {"model": "He_Loveapp.user_gender_interest", "pk": 24, "fields": {"user": 9, "gender": 5}}, {"model": "He_Loveapp.user_gender_interest", "pk": 25, "fields": {"user": 10, "gender": 2}}, {"model": "He_Loveapp.user_gender_interest", "pk": 26, "fields": {"user": 11, "gender": 1}}, {"model": "He_Loveapp.user_gender_interest", "pk": 27, "fields": {"user": 11, "gender": 2}}, {"model": "He_Loveapp.user_gender_interest", "pk": 28, "fields": {"user": 11, "gender": 3}}, {"model": "He_Loveapp.user_gender_interest", "pk": 29, "fields": {"user": 11, "gender": 4}}, {"model": "He_Loveapp.user_gender_interest", "pk": 30, "fields": {"user": 11, "gender": 5}}, {"model": "He_Loveapp.user_gender_interest", "pk": 31, "fields": {"user": 12, "gender": 1}}, {"model": "He_Loveapp.user_gender_interest", "pk": 32, "fields": {"user": 12, "gender": 2}}, {"model": "He_Loveapp.user_gender_interest", "pk": 33, "fields": {"user": 12, "gender": 3}}, {"model": "He_Loveapp.user_gender_interest", "pk": 34, "fields": {"user": 12, "gender": 4}}, {"model": "He_Loveapp.user_gender_interest", "pk": 35, "fields": {"user": 12, "gender": 5}}, {"model": "He_Loveapp.user_gender_interest", "pk": 36, "fields": {"user": 13, "gender": 1}}, {"model": "He_Loveapp.user_gender_interest", "pk": 37, "fields": {"user": 13, "gender": 2}}, {"model": "He_Loveapp.user_gender_interest", "pk": 38, "fields": {"user": 13, "gender": 3}}, {"model": "He_Loveapp.user_gender_interest", "pk": 39, "fields": {"user": 13, "gender": 4}}, {"model": "He_Loveapp.user_gender_interest", "pk": 40, "fields": {"user": 13, "gender": 5}}, {"model": "He_Loveapp.user_gender_interest", "pk": 41, "fields": {"user": 14, "gender": 1}}, {"model": "He_Loveapp.user_gender_interest", "pk": 42, "fields": {"user": 14, "gender": 2}}, {"model": "He_Loveapp.user_gender_interest", "pk": 43, "fields": {"user": 14, "gender": 3}}, {"model": "He_Loveapp.user_gender_interest", "pk": 44, "fields": {"user": 14, "gender": 4}}, {"model": "He_Loveapp.user_gender_interest", "pk": 45, "fields": {"user": 14, "gender": 5}}, {"model": "He_Loveapp.user_gender_interest", "pk": 46, "fields": {"user": 15, "gender": 1}}, {"model": "He_Loveapp.user_gender_interest", "pk": 47, "fields": {"user": 15, "gender": 2}}, {"model": "He_Loveapp.user_gender_interest", "pk": 48, "fields": {"user": 15, "gender": 3}}, {"model": "He_Loveapp.user_gender_interest", "pk": 49, "fields": {"user": 15, "gender": 4}}, {"model": "He_Loveapp.user_gender_interest", "pk": 50, "fields": {"user": 15, "gender": 5}}, {"model": "He_Loveapp.user_gender_interest", "pk": 51, "fields": {"user": 16, "gender": 1}}, {"model": "He_Loveapp.user_gender_interest", "pk": 52, "fields": {"user": 16, "gender": 2}}, {"model": "He_Loveapp.user_gender_interest", "pk": 53, "fields": {"user": 16, "gender": 3}}, {"model": "He_Loveapp.user_gender_interest", "pk": 54, "fields": {"user": 16, "gender": 4}}, {"model": "He_Loveapp.user_gender_interest", "pk": 55, "fields": {"user": 16, "gender": 5}}, {"model": "He_Loveapp.user_gender_interest", "pk": 56, "fields": {"user": 17, "gender": 1}}, {"model": "He_Loveapp.user_gender_interest", "pk": 57, "fields": {"user": 17, "gender": 2}}, {"model": "He_Loveapp.user_gender_interest", "pk": 58, "fields": {"user": 17, "gender": 3}}, {"model": "He_Loveapp.user_gender_interest", "pk": 59, "fields": {"user": 17, "gender": 4}}, {"model": "He_Loveapp.user_gender_interest", "pk": 60, "fields": {"user": 17, "gender": 5}}, {"model": "He_Loveapp.user_gender_interest", "pk": 61, "fields": {"user": 18, "gender": 1}}, {"model": "He_Loveapp.user_gender_interest", "pk": 62, "fields": {"user": 18, "gender": 2}}, {"model": "He_Loveapp.user_gender_interest", "pk": 63, "fields": {"user": 18, "gender": 3}}, {"model": "He_Loveapp.user_gender_interest", "pk": 64, "fields": {"user": 18, "gender": 4}}, {"model": "He_Loveapp.user_gender_interest", "pk": 65, "fields": {"user": 18, "gender": 5}}, {"model": "He_Loveapp.user_gender_interest", "pk": 66, "fields": {"user": 19, "gender": 1}}, {"model": "He_Loveapp.user_gender_interest", "pk": 67, "fields": {"user": 19, "gender": 2}}, {"model": "He_Loveapp.user_gender_interest", "pk": 68, "fields": {"user": 19, "gender": 3}}, {"model": "He_Loveapp.user_gender_interest", "pk": 69, "fields": {"user": 19, "gender": 4}}, {"model": "He_Loveapp.user_gender_interest", "pk": 70, "fields": {"user": 19, "gender": 5}}, {"model": "He_Loveapp.user_gender_interest", "pk": 71, "fields": {"user": 20, "gender": 1}}, {"model": "He_Loveapp.user_gender_interest", "pk": 72, "fields": {"user": 20, "gender": 2}}, {"model": "He_Loveapp.user_gender_interest", "pk": 73, "fields": {"user": 20, "gender": 3}}, {"model": "He_Loveapp.user_gender_interest", "pk": 74, "fields": {"user": 20, "gender": 4}}, {"model": "He_Loveapp.user_gender_interest", "pk": 75, "fields": {"user": 20, "gender": 5}}, {"model": "He_Loveapp.user_gender_interest", "pk": 76, "fields": {"user": 21, "gender": 1}}, {"model": "He_Loveapp.user_gender_interest", "pk": 77, "fields": {"user": 21, "gender": 2}}, {"model": "He_Loveapp.user_gender_interest", "pk": 78, "fields": {"user": 21, "gender": 3}}, {"model": "He_Loveapp.user_gender_interest", "pk": 79, "fields": {"user": 21, "gender": 4}}, {"model": "He_Loveapp.user_gender_interest", "pk": 80, "fields": {"user": 21, "gender": 5}}, {"model": "He_Loveapp.user_gender_interest", "pk": 81, "fields": {"user": 22, "gender": 1}}, {"model": "He_Loveapp.user_gender_interest", "pk": 82, "fields": {"user": 22, "gender": 2}}, {"model": "He_Loveapp.user_gender_interest", "pk": 83, "fields": {"user": 22, "gender": 3}}, {"model": "He_Loveapp.user_gender_interest", "pk": 84, "fields": {"user": 22, "gender": 4}}, {"model": "He_Loveapp.user_gender_interest", "pk": 85, "fields": {"user": 22, "gender": 5}}, {"model": "He_Loveapp.user_gender_interest", "pk": 86, "fields": {"user": 23, "gender": 1}}, {"model": "He_Loveapp.user_gender_interest", "pk": 87, "fields": {"user": 23, "gender": 2}}, {"model": "He_Loveapp.user_gender_interest", "pk": 88, "fields": {"user": 23, "gender": 3}}, {"model": "He_Loveapp.user_gender_interest", "pk": 89, "fields": {"user": 23, "gender": 4}}, {"model": "He_Loveapp.user_gender_interest", "pk": 90, "fields": {"user": 23, "gender": 5}}, {"model": "He_Loveapp.user_gender_interest", "pk": 91, "fields": {"user": 24, "gender": 1}}, {"model": "He_Loveapp.user_gender_interest", "pk": 92, "fields": {"user": 24, "gender": 2}}, {"model": "He_Loveapp.user_gender_interest", "pk": 93, "fields": {"user": 24, "gender": 3}}, {"model": "He_Loveapp.user_gender_interest", "pk": 94, "fields": {"user": 24, "gender": 4}}, {"model": "He_Loveapp.user_gender_interest", "pk": 95, "fields": {"user": 24, "gender": 5}}, {"model": "He_Loveapp.user_gender_interest", "pk": 96, "fields": {"user": 25, "gender": 1}}, {"model": "He_Loveapp.user_gender_interest", "pk": 97, "fields": {"user": 25, "gender": 2}}, {"model": "He_Loveapp.user_gender_interest", "pk": 98, "fields": {"user": 25, "gender": 3}}, {"model": "He_Loveapp.user_gender_interest", "pk": 99, "fields": {"user": 25, "gender": 4}}, {"model": "He_Loveapp.user_gender_interest", "pk": 100, "fields": {"user": 25, "gender": 5}}, {"model": "He_Loveapp.user_gender_interest", "pk": 101, "fields": {"user": 26, "gender": 1}}, {"model": "He_Loveapp.user_gender_interest", "pk": 102, "fields": {"user": 26, "gender": 2}}, {"model": "He_Loveapp.user_gender_interest", "pk": 103, "fields": {"user": 26, "gender": 3}}, {"model": "He_Loveapp.user_gender_interest", "pk": 104, "fields": {"user": 26, "gender": 4}}, {"model": "He_Loveapp.user_gender_interest", "pk": 105, "fields": {"user": 26, "gender": 5}}, {"model": "He_Loveapp.user_gender_interest", "pk": 106, "fields": {"user": 27, "gender": 1}}, {"model": "He_Loveapp.user_gender_interest", "pk": 107, "fields": {"user": 27, "gender": 2}}, {"model": "He_Loveapp.user_gender_interest", "pk": 108, "fields": {"user": 27, "gender": 3}}, {"model": "He_Loveapp.user_gender_interest", "pk": 109, "fields": {"user": 27, "gender": 4}}, {"model": "He_Loveapp.user_gender_interest", "pk": 110, "fields": {"user": 27, "gender": 5}}, {"model": "He_Loveapp.user_gender_interest", "pk": 111, "fields": {"user": 28, "gender": 1}}, {"model": "He_Loveapp.user_gender_interest", "pk": 112, "fields": {"user": 28, "gender": 2}}, {"model": "He_Loveapp.user_gender_interest", "pk": 113, "fields": {"user": 28, "gender": 3}}, {"model": "He_Loveapp.user_gender_interest", "pk": 114, "fields": {"user": 28, "gender": 4}}, {"model": "He_Loveapp.user_gender_interest", "pk": 115, "fields": {"user": 28, "gender": 5}}, {"model": "He_Loveapp.user_gender_interest", "pk": 116, "fields": {"user": 29, "gender": 1}}, {"model": "He_Loveapp.user_gender_interest", "pk": 117, "fields": {"user": 29, "gender": 2}}, {"model": "He_Loveapp.user_gender_interest", "pk": 118, "fields": {"user": 29, "gender": 3}}, {"model": "He_Loveapp.user_gender_interest", "pk": 119, "fields": {"user": 29, "gender": 4}}, {"model": "He_Loveapp.user_gender_interest", "pk": 120, "fields": {"user": 29, "gender": 5}}, {"model": "He_Loveapp.user_gender_interest", "pk": 121, "fields": {"user": 30, "gender": 1}}, {"model": "He_Loveapp.user_gender_interest", "pk": 122, "fields": {"user": 30, "gender": 2}}, {"model": "He_Loveapp.user_gender_interest", "pk": 123, "fields": {"user": 30, "gender": 3}}, {"model": "He_Loveapp.user_gender_interest", "pk": 124, "fields": {"user": 30, "gender": 4}}, {"model": "He_Loveapp.user_gender_interest", "pk": 125, "fields": {"user": 30, "gender": 5}}, {"model": "He_Loveapp.user_gender_interest", "pk": 126, "fields": {"user": 31, "gender": 1}}, {"model": "He_Loveapp.user_gender_interest", "pk": 127, "fields": {"user": 31, "gender": 2}}, {"model": "He_Loveapp.user_gender_interest", "pk": 128, "fields": {"user": 31, "gender": 3}}, {"model": "He_Loveapp.user_gender_interest", "pk": 129, "fields": {"user": 31, "gender": 4}}, {"model": "He_Loveapp.user_gender_interest", "pk": 130, "fields": {"user": 31, "gender": 5}}, {"model": "He_Loveapp.user_gender_interest", "pk": 131, "fields": {"user": 32, "gender": 1}}, {"model": "He_Loveapp.user_gender_interest", "pk": 132, "fields": {"user": 32, "gender": 2}}, {"model": "He_Loveapp.user_gender_interest", "pk": 133, "fields": {"user": 32, "gender": 3}}, {"model": "He_Loveapp.user_gender_interest", "pk": 134, "fields": {"user": 32, "gender": 4}}, {"model": "He_Loveapp.user_gender_interest", "pk": 135, "fields": {"user": 32, "gender": 5}}, {"model": "He_Loveapp.user_gender_interest", "pk": 136, "fields": {"user": 33, "gender": 1}}, {"model": "He_Loveapp.user_gender_interest", "pk": 137, "fields": {"user": 33, "gender": 2}}, {"model": "He_Loveapp.user_gender_interest", "pk": 138, "fields": {"user": 33, "gender": 3}}, {"model": "He_Loveapp.user_gender_interest", "pk": 139, "fields": {"user": 33, "gender": 4}}, {"model": "He_Loveapp.user_gender_interest", "pk": 140, "fields": {"user": 33, "gender": 5}}, {"model": "He_Loveapp.user_gender_interest", "pk": 141, "fields": {"user": 34, "gender": 1}}, {"model": "He_Loveapp.user_gender_interest", "pk": 142, "fields": {"user": 34, "gender": 2}}, {"model": "He_Loveapp.user_gender_interest", "pk": 143, "fields": {"user": 34, "gender": 3}}, {"model": "He_Loveapp.user_gender_interest", "pk": 144, "fields": {"user": 34, "gender": 4}}, {"model": "He_Loveapp.user_gender_interest", "pk": 145, "fields": {"user": 34, "gender": 5}}, {"model": "He_Loveapp.user_gender_interest", "pk": 146, "fields": {"user": 35, "gender": 1}}, {"model": "He_Loveapp.user_gender_interest", "pk": 147, "fields": {"user": 35, "gender": 2}}, {"model": "He_Loveapp.user_gender_interest", "pk": 148, "fields": {"user": 35, "gender": 3}}, {"model": "He_Loveapp.user_gender_interest", "pk": 149, "fields": {"user": 35, "gender": 4}}, {"model": "He_Loveapp.user_gender_interest", "pk": 150, "fields": {"user": 35, "gender": 5}}, {"model": "He_Loveapp.user_gender_interest", "pk": 151, "fields": {"user": 36, "gender": 1}}, {"model": "He_Loveapp.user_gender_interest", "pk": 152, "fields": {"user": 36, "gender": 2}}, {"model": "He_Loveapp.user_gender_interest", "pk": 153, "fields": {"user": 36, "gender": 3}}, {"model": "He_Loveapp.user_gender_interest", "pk": 154, "fields": {"user": 36, "gender": 4}}, {"model": "He_Loveapp.user_gender_interest", "pk": 155, "fields": {"user": 36, "gender": 5}}, {"model": "He_Loveapp.user_gender_interest", "pk": 156, "fields": {"user": 37, "gender": 1}}, {"model": "He_Loveapp.user_gender_interest", "pk": 157, "fields": {"user": 37, "gender": 2}}, {"model": "He_Loveapp.user_gender_interest", "pk": 158, "fields": {"user": 37, "gender": 3}}, {"model": "He_Loveapp.user_gender_interest", "pk": 159, "fields": {"user": 37, "gender": 4}}, {"model": "He_Loveapp.user_gender_interest", "pk": 160, "fields": {"user": 37, "gender": 5}}, {"model": "He_Loveapp.user_gender_interest", "pk": 161, "fields": {"user": 38, "gender": 1}}, {"model": "He_Loveapp.user_gender_interest", "pk": 162, "fields": {"user": 38, "gender": 2}}, {"model": "He_Loveapp.user_gender_interest", "pk": 163, "fields": {"user": 38, "gender": 3}}, {"model": "He_Loveapp.user_gender_interest", "pk": 164, "fields": {"user": 38, "gender": 4}}, {"model": "He_Loveapp.user_gender_interest", "pk": 165, "fields": {"user": 38, "gender": 5}}, {"model": "He_Loveapp.user_gender_interest", "pk": 166, "fields": {"user": 39, "gender": 1}}, {"model": "He_Loveapp.user_gender_interest", "pk": 167, "fields": {"user": 39, "gender": 2}}, {"model": "He_Loveapp.user_gender_interest", "pk": 168, "fields": {"user": 39, "gender": 3}}, {"model": "He_Loveapp.user_gender_interest", "pk": 169, "fields": {"user": 39, "gender": 4}}, {"model": "He_Loveapp.user_gender_interest", "pk": 170, "fields": {"user": 39, "gender": 5}}, {"model": "He_Loveapp.user_gender_interest", "pk": 171, "fields": {"user": 40, "gender": 1}}, {"model": "He_Loveapp.user_gender_interest", "pk": 172, "fields": {"user": 40, "gender": 2}}, {"model": "He_Loveapp.user_gender_interest", "pk": 173, "fields": {"user": 40, "gender": 3}}, {"model": "He_Loveapp.user_gender_interest", "pk": 174, "fields": {"user": 40, "gender": 4}}, {"model": "He_Loveapp.user_gender_interest", "pk": 175, "fields": {"user": 40, "gender": 5}}, {"model": "He_Loveapp.user_gender_interest", "pk": 176, "fields": {"user": 41, "gender": 1}}, {"model": "He_Loveapp.user_gender_interest", "pk": 177, "fields": {"user": 41, "gender": 2}}, {"model": "He_Loveapp.user_gender_interest", "pk": 178, "fields": {"user": 41, "gender": 3}}, {"model": "He_Loveapp.user_gender_interest", "pk": 179, "fields": {"user": 41, "gender": 4}}, {"model": "He_Loveapp.user_gender_interest", "pk": 180, "fields": {"user": 41, "gender": 5}}, {"model": "He_Loveapp.user_gender_interest", "pk": 181, "fields": {"user": 42, "gender": 1}}, {"model": "He_Loveapp.user_gender_interest", "pk": 182, "fields": {"user": 42, "gender": 2}}, {"model": "He_Loveapp.user_gender_interest", "pk": 183, "fields": {"user": 42, "gender": 3}}, {"model": "He_Loveapp.user_gender_interest", "pk": 184, "fields": {"user": 42, "gender": 4}}, {"model": "He_Loveapp.user_gender_interest", "pk": 185, "fields": {"user": 42, "gender": 5}}, {"model": "He_Loveapp.user_gender_interest", "pk": 186, "fields": {"user": 43, "gender": 1}}, {"model": "He_Loveapp.user_gender_interest", "pk": 187, "fields": {"user": 43, "gender": 2}}, {"model": "He_Loveapp.user_gender_interest", "pk": 188, "fields": {"user": 43, "gender": 3}}, {"model": "He_Loveapp.user_gender_interest", "pk": 189, "fields": {"user": 43, "gender": 4}}, {"model": "He_Loveapp.user_gender_interest", "pk": 190, "fields": {"user": 43, "gender": 5}}, {"model": "He_Loveapp.user_gender_interest", "pk": 191, "fields": {"user": 44, "gender": 1}}, {"model": "He_Loveapp.user_gender_interest", "pk": 192, "fields": {"user": 44, "gender": 2}}, {"model": "He_Loveapp.user_gender_interest", "pk": 193, "fields": {"user": 44, "gender": 3}}, {"model": "He_Loveapp.user_gender_interest", "pk": 194, "fields": {"user": 44, "gender": 4}}, {"model": "He_Loveapp.user_gender_interest", "pk": 195, "fields": {"user": 44, "gender": 5}}, {"model": "He_Loveapp.user_gender_interest", "pk": 211, "fields": {"user": 47, "gender": 1}}, {"model": "He_Loveapp.user_gender_interest", "pk": 212, "fields": {"user": 47, "gender": 2}}, {"model": "He_Loveapp.user_gender_interest", "pk": 213, "fields": {"user": 47, "gender": 3}}, {"model": "He_Loveapp.user_gender_interest", "pk": 214, "fields": {"user": 47, "gender": 4}}, {"model": "He_Loveapp.user_gender_interest", "pk": 215, "fields": {"user": 47, "gender": 5}}, {"model": "He_Loveapp.user_gender_interest", "pk": 216, "fields": {"user": 46, "gender": 1}}, {"model": "He_Loveapp.user_gender_interest", "pk": 217, "fields": {"user": 46, "gender": 2}}, {"model": "He_Loveapp.user_gender_interest", "pk": 218, "fields": {"user": 46, "gender": 3}}, {"model": "He_Loveapp.user_gender_interest", "pk": 219, "fields": {"user": 46, "gender": 4}}, {"model": "He_Loveapp.user_gender_interest", "pk": 220, "fields": {"user": 46, "gender": 5}}, {"model": "admin.logentry", "pk": 1, "fields": {"action_time": "2022-04-06T08:20:55.255Z", "user": 4, "content_type": 1, "object_id": "3", "object_repr": "user_3", "action_flag": 3, "change_message": ""}}, {"model": "admin.logentry", "pk": 2, "fields": {"action_time": "2022-04-06T08:20:55.268Z", "user": 4, "content_type": 1, "object_id": "2", "object_repr": "user_2", "action_flag": 3, "change_message": ""}}, {"model": "admin.logentry", "pk": 3, "fields": {"action_time": "2022-04-06T08:20:55.276Z", "user": 4, "content_type": 1, "object_id": "1", "object_repr": "user_1", "action_flag": 3, "change_message": ""}}, {"model": "admin.logentry", "pk": 4, "fields": {"action_time": "2022-04-06T09:09:14.196Z", "user": 4, "content_type": 1, "object_id": "23", "object_repr": "Yasmine_Margueron", "action_flag": 2, "change_message": "[{\"changed\": {\"fields\": [\"Gender\"]}}]"}}, {"model": "admin.logentry", "pk": 5, "fields": {"action_time": "2022-04-06T09:15:42.198Z", "user": 4, "content_type": 1, "object_id": "28", "object_repr": "Léon_Muller", "action_flag": 2, "change_message": "[{\"changed\": {\"fields\": [\"Birth date\"]}}]"}}, {"model": "admin.logentry", "pk": 6, "fields": {"action_time": "2022-04-06T09:34:27.717Z", "user": 4, "content_type": 1, "object_id": "36", "object_repr": "Vjosa_Ferati", "action_flag": 2, "change_message": "[{\"changed\": {\"fields\": [\"Gender\"]}}]"}}, {"model": "admin.logentry", "pk": 7, "fields": {"action_time": "2022-04-06T09:34:32.736Z", "user": 4, "content_type": 1, "object_id": "35", "object_repr": "Emma_Deriaz", "action_flag": 2, "change_message": "[{\"changed\": {\"fields\": [\"Gender\"]}}]"}}, {"model": "admin.logentry", "pk": 8, "fields": {"action_time": "2022-04-06T09:42:28.111Z", "user": 4, "content_type": 1, "object_id": "25", "object_repr": "Luca_Meyer", "action_flag": 2, "change_message": "[{\"changed\": {\"fields\": [\"Birth date\"]}}]"}}, {"model": "admin.logentry", "pk": 9, "fields": {"action_time": "2022-04-06T09:46:09.201Z", "user": 4, "content_type": 1, "object_id": "43", "object_repr": "Lorena_Plesu", "action_flag": 2, "change_message": "[{\"changed\": {\"fields\": [\"Gender\"]}}]"}}, {"model": "admin.logentry", "pk": 10, "fields": {"action_time": "2022-04-07T10:03:42.476Z", "user": 4, "content_type": 1, "object_id": "31", "object_repr": "Remy_Sansonnens", "action_flag": 2, "change_message": "[{\"changed\": {\"fields\": [\"Username\"]}}]"}}, {"model": "admin.logentry", "pk": 11, "fields": {"action_time": "2022-04-07T10:03:54.132Z", "user": 4, "content_type": 1, "object_id": "28", "object_repr": "Leon_Muller", "action_flag": 2, "change_message": "[{\"changed\": {\"fields\": [\"Username\"]}}]"}}, {"model": "admin.logentry", "pk": 12, "fields": {"action_time": "2022-04-07T10:04:06.379Z", "user": 4, "content_type": 1, "object_id": "17", "object_repr": "Loic_Frossard", "action_flag": 2, "change_message": "[{\"changed\": {\"fields\": [\"Username\"]}}]"}}, {"model": "admin.logentry", "pk": 13, "fields": {"action_time": "2022-04-07T10:04:14.354Z", "user": 4, "content_type": 1, "object_id": "16", "object_repr": "Thierry_Fluck", "action_flag": 2, "change_message": "[{\"changed\": {\"fields\": [\"Username\"]}}]"}}, {"model": "admin.logentry", "pk": 14, "fields": {"action_time": "2022-04-07T10:04:27.679Z", "user": 4, "content_type": 1, "object_id": "11", "object_repr": "Milan_Cervino", "action_flag": 2, "change_message": "[{\"changed\": {\"fields\": [\"Username\"]}}]"}}, {"model": "admin.logentry", "pk": 15, "fields": {"action_time": "2022-04-07T11:52:52.930Z", "user": 4, "content_type": 1, "object_id": "45", "object_repr": "David_Grunenvald", "action_flag": 2, "change_message": "[{\"changed\": {\"fields\": [\"Rank\"]}}]"}}, {"model": "admin.logentry", "pk": 16, "fields": {"action_time": "2022-04-07T11:53:05.437Z", "user": 4, "content_type": 1, "object_id": "45", "object_repr": "David_Grunenvald", "action_flag": 2, "change_message": "[{\"changed\": {\"fields\": [\"Rank\"]}}]"}}, {"model": "admin.logentry", "pk": 17, "fields": {"action_time": "2022-04-07T12:02:53.888Z", "user": 4, "content_type": 1, "object_id": "45", "object_repr": "David_Grunenvald", "action_flag": 3, "change_message": ""}}, {"model": "admin.logentry", "pk": 18, "fields": {"action_time": "2022-04-07T12:42:49.442Z", "user": 4, "content_type": 1, "object_id": "46", "object_repr": "David_Grunenvald", "action_flag": 2, "change_message": "[{\"changed\": {\"fields\": [\"Rank\"]}}]"}}, {"model": "admin.logentry", "pk": 19, "fields": {"action_time": "2022-04-07T12:42:54.212Z", "user": 4, "content_type": 1, "object_id": "47", "object_repr": "Alexander_Wohlfahrt", "action_flag": 2, "change_message": "[{\"changed\": {\"fields\": [\"Rank\"]}}]"}}, {"model": "admin.logentry", "pk": 20, "fields": {"action_time": "2022-04-07T12:43:13.594Z", "user": 4, "content_type": 6, "object_id": "51", "object_repr": "Picture object (51)", "action_flag": 1, "change_message": "[{\"added\": {}}]"}}, {"model": "auth.permission", "pk": 1, "fields": {"name": "Can add user", "content_type": 1, "codename": "add_appuser"}}, {"model": "auth.permission", "pk": 2, "fields": {"name": "Can change user", "content_type": 1, "codename": "change_appuser"}}, {"model": "auth.permission", "pk": 3, "fields": {"name": "Can delete user", "content_type": 1, "codename": "delete_appuser"}}, {"model": "auth.permission", "pk": 4, "fields": {"name": "Can view user", "content_type": 1, "codename": "view_appuser"}}, {"model": "auth.permission", "pk": 5, "fields": {"name": "Can add gender", "content_type": 2, "codename": "add_gender"}}, {"model": "auth.permission", "pk": 6, "fields": {"name": "Can change gender", "content_type": 2, "codename": "change_gender"}}, {"model": "auth.permission", "pk": 7, "fields": {"name": "Can delete gender", "content_type": 2, "codename": "delete_gender"}}, {"model": "auth.permission", "pk": 8, "fields": {"name": "Can view gender", "content_type": 2, "codename": "view_gender"}}, {"model": "auth.permission", "pk": 9, "fields": {"name": "Can add interest", "content_type": 3, "codename": "add_interest"}}, {"model": "auth.permission", "pk": 10, "fields": {"name": "Can change interest", "content_type": 3, "codename": "change_interest"}}, {"model": "auth.permission", "pk": 11, "fields": {"name": "Can delete interest", "content_type": 3, "codename": "delete_interest"}}, {"model": "auth.permission", "pk": 12, "fields": {"name": "Can view interest", "content_type": 3, "codename": "view_interest"}}, {"model": "auth.permission", "pk": 13, "fields": {"name": "Can add user_interest", "content_type": 4, "codename": "add_user_interest"}}, {"model": "auth.permission", "pk": 14, "fields": {"name": "Can change user_interest", "content_type": 4, "codename": "change_user_interest"}}, {"model": "auth.permission", "pk": 15, "fields": {"name": "Can delete user_interest", "content_type": 4, "codename": "delete_user_interest"}}, {"model": "auth.permission", "pk": 16, "fields": {"name": "Can view user_interest", "content_type": 4, "codename": "view_user_interest"}}, {"model": "auth.permission", "pk": 17, "fields": {"name": "Can add user_gender_interest", "content_type": 5, "codename": "add_user_gender_interest"}}, {"model": "auth.permission", "pk": 18, "fields": {"name": "Can change user_gender_interest", "content_type": 5, "codename": "change_user_gender_interest"}}, {"model": "auth.permission", "pk": 19, "fields": {"name": "Can delete user_gender_interest", "content_type": 5, "codename": "delete_user_gender_interest"}}, {"model": "auth.permission", "pk": 20, "fields": {"name": "Can view user_gender_interest", "content_type": 5, "codename": "view_user_gender_interest"}}, {"model": "auth.permission", "pk": 21, "fields": {"name": "Can add picture", "content_type": 6, "codename": "add_picture"}}, {"model": "auth.permission", "pk": 22, "fields": {"name": "Can change picture", "content_type": 6, "codename": "change_picture"}}, {"model": "auth.permission", "pk": 23, "fields": {"name": "Can delete picture", "content_type": 6, "codename": "delete_picture"}}, {"model": "auth.permission", "pk": 24, "fields": {"name": "Can view picture", "content_type": 6, "codename": "view_picture"}}, {"model": "auth.permission", "pk": 25, "fields": {"name": "Can add match", "content_type": 7, "codename": "add_match"}}, {"model": "auth.permission", "pk": 26, "fields": {"name": "Can change match", "content_type": 7, "codename": "change_match"}}, {"model": "auth.permission", "pk": 27, "fields": {"name": "Can delete match", "content_type": 7, "codename": "delete_match"}}, {"model": "auth.permission", "pk": 28, "fields": {"name": "Can view match", "content_type": 7, "codename": "view_match"}}, {"model": "auth.permission", "pk": 29, "fields": {"name": "Can add event", "content_type": 8, "codename": "add_event"}}, {"model": "auth.permission", "pk": 30, "fields": {"name": "Can change event", "content_type": 8, "codename": "change_event"}}, {"model": "auth.permission", "pk": 31, "fields": {"name": "Can delete event", "content_type": 8, "codename": "delete_event"}}, {"model": "auth.permission", "pk": 32, "fields": {"name": "Can view event", "content_type": 8, "codename": "view_event"}}, {"model": "auth.permission", "pk": 33, "fields": {"name": "Can add dislike", "content_type": 9, "codename": "add_dislike"}}, {"model": "auth.permission", "pk": 34, "fields": {"name": "Can change dislike", "content_type": 9, "codename": "change_dislike"}}, {"model": "auth.permission", "pk": 35, "fields": {"name": "Can delete dislike", "content_type": 9, "codename": "delete_dislike"}}, {"model": "auth.permission", "pk": 36, "fields": {"name": "Can view dislike", "content_type": 9, "codename": "view_dislike"}}, {"model": "auth.permission", "pk": 37, "fields": {"name": "Can add chat", "content_type": 10, "codename": "add_chat"}}, {"model": "auth.permission", "pk": 38, "fields": {"name": "Can change chat", "content_type": 10, "codename": "change_chat"}}, {"model": "auth.permission", "pk": 39, "fields": {"name": "Can delete chat", "content_type": 10, "codename": "delete_chat"}}, {"model": "auth.permission", "pk": 40, "fields": {"name": "Can view chat", "content_type": 10, "codename": "view_chat"}}, {"model": "auth.permission", "pk": 41, "fields": {"name": "Can add log entry", "content_type": 11, "codename": "add_logentry"}}, {"model": "auth.permission", "pk": 42, "fields": {"name": "Can change log entry", "content_type": 11, "codename": "change_logentry"}}, {"model": "auth.permission", "pk": 43, "fields": {"name": "Can delete log entry", "content_type": 11, "codename": "delete_logentry"}}, {"model": "auth.permission", "pk": 44, "fields": {"name": "Can view log entry", "content_type": 11, "codename": "view_logentry"}}, {"model": "auth.permission", "pk": 45, "fields": {"name": "Can add permission", "content_type": 12, "codename": "add_permission"}}, {"model": "auth.permission", "pk": 46, "fields": {"name": "Can change permission", "content_type": 12, "codename": "change_permission"}}, {"model": "auth.permission", "pk": 47, "fields": {"name": "Can delete permission", "content_type": 12, "codename": "delete_permission"}}, {"model": "auth.permission", "pk": 48, "fields": {"name": "Can view permission", "content_type": 12, "codename": "view_permission"}}, {"model": "auth.permission", "pk": 49, "fields": {"name": "Can add group", "content_type": 13, "codename": "add_group"}}, {"model": "auth.permission", "pk": 50, "fields": {"name": "Can change group", "content_type": 13, "codename": "change_group"}}, {"model": "auth.permission", "pk": 51, "fields": {"name": "Can delete group", "content_type": 13, "codename": "delete_group"}}, {"model": "auth.permission", "pk": 52, "fields": {"name": "Can view group", "content_type": 13, "codename": "view_group"}}, {"model": "auth.permission", "pk": 53, "fields": {"name": "Can add user", "content_type": 14, "codename": "add_user"}}, {"model": "auth.permission", "pk": 54, "fields": {"name": "Can change user", "content_type": 14, "codename": "change_user"}}, {"model": "auth.permission", "pk": 55, "fields": {"name": "Can delete user", "content_type": 14, "codename": "delete_user"}}, {"model": "auth.permission", "pk": 56, "fields": {"name": "Can view user", "content_type": 14, "codename": "view_user"}}, {"model": "auth.permission", "pk": 57, "fields": {"name": "Can add content type", "content_type": 15, "codename": "add_contenttype"}}, {"model": "auth.permission", "pk": 58, "fields": {"name": "Can change content type", "content_type": 15, "codename": "change_contenttype"}}, {"model": "auth.permission", "pk": 59, "fields": {"name": "Can delete content type", "content_type": 15, "codename": "delete_contenttype"}}, {"model": "auth.permission", "pk": 60, "fields": {"name": "Can view content type", "content_type": 15, "codename": "view_contenttype"}}, {"model": "auth.permission", "pk": 61, "fields": {"name": "Can add session", "content_type": 16, "codename": "add_session"}}, {"model": "auth.permission", "pk": 62, "fields": {"name": "Can change session", "content_type": 16, "codename": "change_session"}}, {"model": "auth.permission", "pk": 63, "fields": {"name": "Can delete session", "content_type": 16, "codename": "delete_session"}}, {"model": "auth.permission", "pk": 64, "fields": {"name": "Can view session", "content_type": 16, "codename": "view_session"}}, {"model": "auth.user", "pk": 4, "fields": {"password": "pbkdf2_sha256$260000$ujw4227tzIGAXy7OWdsx8K$Sq/LFwWl2OO2OwhoYuxE+cKQvtABUKtVLsJH5mHn5Fw=", "last_login": "2022-04-07T12:42:40.589Z", "is_superuser": true, "username": "luca", "first_name": "", "last_name": "", "email": "", "is_staff": true, "is_active": true, "date_joined": "2022-04-06T08:13:37.937Z", "groups": [], "user_permissions": []}}, {"model": "auth.user", "pk": 5, "fields": {"password": "pbkdf2_sha256$260000$e0BSTPOG57QNKPo8Lmwkxu$jiHAT17QqiOlp3qTi4qyxdzsCZ2l+9Ib7z74LzksdKQ=", "last_login": "2022-04-06T08:36:49.303Z", "is_superuser": false, "username": "Matthieu_Barbot", "first_name": "", "last_name": "", "email": "", "is_staff": false, "is_active": true, "date_joined": "2022-04-06T08:36:49.022Z", "groups": [], "user_permissions": []}}, {"model": "auth.user", "pk": 6, "fields": {"password": "pbkdf2_sha256$260000$WQUyIzUlD6WeH8h8FWF6UW$AZ2ZYOcIS7QwXUY7Au8HDIT/2p/eWgIjNd3bNlszYmU=", "last_login": "2022-04-06T08:44:13.157Z", "is_superuser": false, "username": "Kevin_Badel", "first_name": "", "last_name": "", "email": "", "is_staff": false, "is_active": true, "date_joined": "2022-04-06T08:44:12.889Z", "groups": [], "user_permissions": []}}, {"model": "auth.user", "pk": 7, "fields": {"password": "pbkdf2_sha256$260000$fleJanGVnruy3eaZ4V1td9$QrCCBUJT+FJxcfUxeSx3TofdHmuxdMn+sY9VxUD5KQg=", "last_login": "2022-04-06T08:45:40.948Z", "is_superuser": false, "username": "William_Bikuta", "first_name": "", "last_name": "", "email": "", "is_staff": false, "is_active": true, "date_joined": "2022-04-06T08:45:40.667Z", "groups": [], "user_permissions": []}}, {"model": "auth.user", "pk": 8, "fields": {"password": "pbkdf2_sha256$260000$5zvQLrQPOzp8N5wku6ZKMj$F1P7jVjCy0vylOwx92ufob3ext1IPX1sFGLyTmOWpTI=", "last_login": "2022-04-06T09:40:03.391Z", "is_superuser": false, "username": "Lenny_Boegli", "first_name": "", "last_name": "", "email": "", "is_staff": false, "is_active": true, "date_joined": "2022-04-06T08:47:26.498Z", "groups": [], "user_permissions": []}}, {"model": "auth.user", "pk": 9, "fields": {"password": "pbkdf2_sha256$260000$0p38vVtcxCu9oTd3Q2PnRJ$u9RbddIUT4L87WY+ytIkTWRgMCMgJNfj+ad7+o6yToQ=", "last_login": "2022-04-06T08:49:36.590Z", "is_superuser": false, "username": "Ilyas_Boillat", "first_name": "", "last_name": "", "email": "", "is_staff": false, "is_active": true, "date_joined": "2022-04-06T08:49:36.300Z", "groups": [], "user_permissions": []}}, {"model": "auth.user", "pk": 10, "fields": {"password": "pbkdf2_sha256$260000$eMjiHcRpl0cS0ifTmIVpIB$nGI4BcDF9QRFroiJKFBme/sEiEojg8L4xJf8yEx87Sc=", "last_login": "2022-04-06T09:51:40.828Z", "is_superuser": false, "username": "Luca_Campana", "first_name": "", "last_name": "", "email": "", "is_staff": false, "is_active": true, "date_joined": "2022-04-06T08:51:15.551Z", "groups": [], "user_permissions": []}}, {"model": "auth.user", "pk": 11, "fields": {"password": "pbkdf2_sha256$260000$OgEbo10TKZhuldXhj1yQxu$B4Ls2AYJ3Xs5w+PZM6NOBHDEOv6T73o+9+OxemcWMgA=", "last_login": "2022-04-06T08:52:15Z", "is_superuser": false, "username": "Milan_Cervino", "first_name": "", "last_name": "", "email": "", "is_staff": false, "is_active": true, "date_joined": "2022-04-06T08:52:14Z", "groups": [], "user_permissions": []}}, {"model": "auth.user", "pk": 12, "fields": {"password": "pbkdf2_sha256$260000$OgOI7lEu3HIXjEC0GTssaR$BJm0d0EBunL5ZRWUxDKe95/mxjPCWY66L4Bc5iMhzlU=", "last_login": "2022-04-06T08:53:50.207Z", "is_superuser": false, "username": "Bruno_Costa", "first_name": "", "last_name": "", "email": "", "is_staff": false, "is_active": true, "date_joined": "2022-04-06T08:53:49.932Z", "groups": [], "user_permissions": []}}, {"model": "auth.user", "pk": 13, "fields": {"password": "pbkdf2_sha256$260000$JdgC2ZfMmDlimexVB7ApHb$PfmzfCzV96DyhGzxORN+/Vxz8uY26UvqI6lcq+rYq9I=", "last_login": "2022-04-06T08:54:53.936Z", "is_superuser": false, "username": "Corentin_Faivre", "first_name": "", "last_name": "", "email": "", "is_staff": false, "is_active": true, "date_joined": "2022-04-06T08:54:53.651Z", "groups": [], "user_permissions": []}}, {"model": "auth.user", "pk": 14, "fields": {"password": "pbkdf2_sha256$260000$Uk8zEbfFqg7kwKLK2qr0ot$OGLPb+Jn+sXTi1bUJn0p/AobIKiQBBbzMhnH2zNTwnQ=", "last_login": "2022-04-06T08:55:55.096Z", "is_superuser": false, "username": "Gabriel_Fasano", "first_name": "", "last_name": "", "email": "", "is_staff": false, "is_active": true, "date_joined": "2022-04-06T08:55:54.795Z", "groups": [], "user_permissions": []}}, {"model": "auth.user", "pk": 15, "fields": {"password": "pbkdf2_sha256$260000$tmjSx8otEqUZnXTR81pAQT$2BLePbVjN1/eL59QG7Hak+SRLZMKfUT/GYriQNMOErg=", "last_login": "2022-04-06T08:57:02.188Z", "is_superuser": false, "username": "Massimo_Ferro", "first_name": "", "last_name": "", "email": "", "is_staff": false, "is_active": true, "date_joined": "2022-04-06T08:57:01.890Z", "groups": [], "user_permissions": []}}, {"model": "auth.user", "pk": 16, "fields": {"password": "pbkdf2_sha256$260000$pApCBPmnsFEO8G10X2D1bK$HV7/S9K8OLtSzcEXLNPOELL2s0sw7UOW3i5Zj+1rT1M=", "last_login": "2022-04-06T08:57:56Z", "is_superuser": false, "username": "Thierry_Fluck", "first_name": "", "last_name": "", "email": "", "is_staff": false, "is_active": true, "date_joined": "2022-04-06T08:57:56Z", "groups": [], "user_permissions": []}}, {"model": "auth.user", "pk": 17, "fields": {"password": "pbkdf2_sha256$260000$tpjUCDH2ocBwm5K1cA5BPM$kzvfqDTyNXCc3ENt+zhLklHtM/Dx0Ae00oFPIKnkx5Q=", "last_login": "2022-04-06T09:00:45Z", "is_superuser": false, "username": "Loic_Frossard", "first_name": "", "last_name": "", "email": "", "is_staff": false, "is_active": true, "date_joined": "2022-04-06T09:00:45Z", "groups": [], "user_permissions": []}}, {"model": "auth.user", "pk": 18, "fields": {"password": "pbkdf2_sha256$260000$rDi9DZwGeLTXW5AeGsW7C7$AZSgUVA4TAoATAfzAnQT3G/C7C/2b2tyP1d/jJyPCjY=", "last_login": "2022-04-06T09:01:43.108Z", "is_superuser": false, "username": "Ulysse_Geinoz", "first_name": "", "last_name": "", "email": "", "is_staff": false, "is_active": true, "date_joined": "2022-04-06T09:01:42.829Z", "groups": [], "user_permissions": []}}, {"model": "auth.user", "pk": 19, "fields": {"password": "pbkdf2_sha256$260000$CQx3GiaEHE1F9RC9ClLmQv$cYntBxH+imzYhQnLDYC/4klsJCXHlfdn1NY7t4CcA3M=", "last_login": "2022-04-06T09:38:44.836Z", "is_superuser": false, "username": "Jarod_Girardin", "first_name": "", "last_name": "", "email": "", "is_staff": false, "is_active": true, "date_joined": "2022-04-06T09:03:56.272Z", "groups": [], "user_permissions": []}}, {"model": "auth.user", "pk": 20, "fields": {"password": "pbkdf2_sha256$260000$WxzXXaWuJ4ISfaBQcBEQs3$f+x8FxT/mRJaR2Zsa/V5zCRWKX9L0mL4A6HKPsN9Odw=", "last_login": "2022-04-06T09:05:06.086Z", "is_superuser": false, "username": "Valentino_Izzo", "first_name": "", "last_name": "", "email": "", "is_staff": false, "is_active": true, "date_joined": "2022-04-06T09:05:05.796Z", "groups": [], "user_permissions": []}}, {"model": "auth.user", "pk": 21, "fields": {"password": "pbkdf2_sha256$260000$KdOwHGPd6y72l99DHfCuu3$Wp9/yAQZe5xgu5u20y/xumeWUnBUq4DVu7iq+YHYZEs=", "last_login": "2022-04-06T09:06:41.719Z", "is_superuser": false, "username": "Diogo_Lopes", "first_name": "", "last_name": "", "email": "", "is_staff": false, "is_active": true, "date_joined": "2022-04-06T09:06:41.420Z", "groups": [], "user_permissions": []}}, {"model": "auth.user", "pk": 22, "fields": {"password": "pbkdf2_sha256$260000$cpfNaJqtAtytyt7RukP7No$i/DnKeheCPYMN4gONuWTBMsw4c29t+ArW5LejuvP78E=", "last_login": "2022-04-06T09:07:35.328Z", "is_superuser": false, "username": "Amir_Marachly", "first_name": "", "last_name": "", "email": "", "is_staff": false, "is_active": true, "date_joined": "2022-04-06T09:07:35.041Z", "groups": [], "user_permissions": []}}, {"model": "auth.user", "pk": 23, "fields": {"password": "pbkdf2_sha256$260000$txAJSucgNSuIXmvGWWIT9m$emCwK1YgidO/3agCEmc9rSw1VZvRocRDj58K0pUdapM=", "last_login": "2022-04-06T09:08:36Z", "is_superuser": false, "username": "Yasmine_Margueron", "first_name": "", "last_name": "", "email": "", "is_staff": false, "is_active": true, "date_joined": "2022-04-06T09:08:36Z", "groups": [], "user_permissions": []}}, {"model": "auth.user", "pk": 24, "fields": {"password": "pbkdf2_sha256$260000$Qy2Q9SAcHMJFA0n4ZFPPGk$PJzhbcO/sDmtYd2pFoExPGdLElECXUfBM6AObt1r/YY=", "last_login": "2022-04-06T09:10:37.251Z", "is_superuser": false, "username": "Simon_Meier", "first_name": "", "last_name": "", "email": "", "is_staff": false, "is_active": true, "date_joined": "2022-04-06T09:10:36.968Z", "groups": [], "user_permissions": []}}, {"model": "auth.user", "pk": 25, "fields": {"password": "pbkdf2_sha256$260000$JYSWIKUiGk40MiyLlargd3$1M6RH8F0cnqTlnN4+DzZKAVVXlxEM76x1FQZ6zBYrfM=", "last_login": "2022-04-06T09:38:14Z", "is_superuser": false, "username": "Luca_Meyer", "first_name": "", "last_name": "", "email": "", "is_staff": false, "is_active": true, "date_joined": "2022-04-06T09:11:42Z", "groups": [], "user_permissions": []}}, {"model": "auth.user", "pk": 26, "fields": {"password": "pbkdf2_sha256$260000$bjUU8uiWeCY80n7cLtiJ2f$jBEcOuzp6lIG9xH6V22GQlPhEUr+1Rm23yyHIFfouLw=", "last_login": "2022-04-06T09:12:48.724Z", "is_superuser": false, "username": "Alexia_Montavon", "first_name": "", "last_name": "", "email": "", "is_staff": false, "is_active": true, "date_joined": "2022-04-06T09:12:48.436Z", "groups": [], "user_permissions": []}}, {"model": "auth.user", "pk": 27, "fields": {"password": "pbkdf2_sha256$260000$MoosfvKXAFI8nqsChwzP3h$dpQ2YlmHKMKAAEGtAnogpXugt3+62cE27ycg1FDrsNY=", "last_login": "2022-04-06T09:13:49.296Z", "is_superuser": false, "username": "Alex_Mozerski", "first_name": "", "last_name": "", "email": "", "is_staff": false, "is_active": true, "date_joined": "2022-04-06T09:13:49.002Z", "groups": [], "user_permissions": []}}, {"model": "auth.user", "pk": 28, "fields": {"password": "pbkdf2_sha256$260000$Kj0SbrOkqUHAyUIRxW7smU$h08dCGVViR/vtGC07j/aoOqXUrPQS+UT1W0V8PzX0Po=", "last_login": "2022-04-07T11:53:38.814Z", "is_superuser": false, "username": "Leon_Muller", "first_name": "", "last_name": "", "email": "", "is_staff": false, "is_active": true, "date_joined": "2022-04-06T09:14:49Z", "groups": [], "user_permissions": []}}, {"model": "auth.user", "pk": 29, "fields": {"password": "pbkdf2_sha256$260000$nCnJG3EQl8XSeUkZIEJNWV$MOLtf/ZVMZDMTNyrVvrRgtN/q33odd52ZO8Ef8WB/98=", "last_login": "2022-04-06T09:18:20.665Z", "is_superuser": false, "username": "David_Oktay", "first_name": "", "last_name": "", "email": "", "is_staff": false, "is_active": true, "date_joined": "2022-04-06T09:18:20.379Z", "groups": [], "user_permissions": []}}, {"model": "auth.user", "pk": 30, "fields": {"password": "pbkdf2_sha256$260000$W4mQc06H6dgYLIFoFjfACd$osBPxLI8bcjbxL5EZucHYhgpyfXiPXhqeaionldwhqQ=", "last_login": "2022-04-06T09:19:17.321Z", "is_superuser": false, "username": "Adam_Picone", "first_name": "", "last_name": "", "email": "", "is_staff": false, "is_active": true, "date_joined": "2022-04-06T09:19:17.038Z", "groups": [], "user_permissions": []}}, {"model": "auth.user", "pk": 31, "fields": {"password": "pbkdf2_sha256$260000$IinpflRnRqwGKm31YrvDjF$cTKT4tvmL3YfJBTYRuHsDXNaeCTcqMoV7bMbShLs2lI=", "last_login": "2022-04-06T09:20:26Z", "is_superuser": false, "username": "Remy_Sansonnens", "first_name": "", "last_name": "", "email": "", "is_staff": false, "is_active": true, "date_joined": "2022-04-06T09:20:25Z", "groups": [], "user_permissions": []}}, {"model": "auth.user", "pk": 32, "fields": {"password": "pbkdf2_sha256$260000$mwH3TU2tjL764toUz865hq$2BpmkRL6Vk2sTiXOzVfxgDRVPI6XksIY+VhwqH35KzI=", "last_login": "2022-04-06T09:21:25.930Z", "is_superuser": false, "username": "Aymeric_Schmid", "first_name": "", "last_name": "", "email": "", "is_staff": false, "is_active": true, "date_joined": "2022-04-06T09:21:25.640Z", "groups": [], "user_permissions": []}}, {"model": "auth.user", "pk": 33, "fields": {"password": "pbkdf2_sha256$260000$7TbajqCoTCWJZyAEWDI6RQ$0pYt9g63eKs2hrw4cpdD4XmghLNV3BZCvYb8+LA+FZA=", "last_login": "2022-04-06T09:24:40.901Z", "is_superuser": false, "username": "Tania_Tripiciano", "first_name": "", "last_name": "", "email": "", "is_staff": false, "is_active": true, "date_joined": "2022-04-06T09:23:28.676Z", "groups": [], "user_permissions": []}}, {"model": "auth.user", "pk": 34, "fields": {"password": "pbkdf2_sha256$260000$j99dh3ROsE1Kb7QxWaITJD$6R+BSmKChSPejyMrauGOEvl2/+qmuZz4FIpxP8Wec5g=", "last_login": "2022-04-06T09:26:21.254Z", "is_superuser": false, "username": "Thibault_Wermeille", "first_name": "", "last_name": "", "email": "", "is_staff": false, "is_active": true, "date_joined": "2022-04-06T09:26:20.967Z", "groups": [], "user_permissions": []}}, {"model": "auth.user", "pk": 35, "fields": {"password": "pbkdf2_sha256$260000$JKpptx4pSs4ol8gODK4V0g$W8KArb6MYaDyPZQX5U1UHFbCP+AZrvpSt93QYDPIM1M=", "last_login": "2022-04-06T09:32:24Z", "is_superuser": false, "username": "Emma_Deriaz", "first_name": "", "last_name": "", "email": "", "is_staff": false, "is_active": true, "date_joined": "2022-04-06T09:32:24Z", "groups": [], "user_permissions": []}}, {"model": "auth.user", "pk": 36, "fields": {"password": "pbkdf2_sha256$260000$4KogMlNvIWXXhWpsY3CxE7$OR7cRpdfOptPijWTCW/qSek4Yo5OFsYk2sf6UpqjLJ8=", "last_login": "2022-04-06T09:33:12Z", "is_superuser": false, "username": "Vjosa_Ferati", "first_name": "", "last_name": "", "email": "", "is_staff": false, "is_active": true, "date_joined": "2022-04-06T09:33:11Z", "groups": [], "user_permissions": []}}, {"model": "auth.user", "pk": 37, "fields": {"password": "pbkdf2_sha256$260000$iswLYVfcA6mJJQ1MYTgSCH$1IMNsLX+aErWxtTC8Ps+EVbvoryW0lr6o/poQ7XWBSo=", "last_login": "2022-04-06T09:34:06.222Z", "is_superuser": false, "username": "Elvire_Kakou", "first_name": "", "last_name": "", "email": "", "is_staff": false, "is_active": true, "date_joined": "2022-04-06T09:34:05.898Z", "groups": [], "user_permissions": []}}, {"model": "auth.user", "pk": 38, "fields": {"password": "pbkdf2_sha256$260000$omAqglNvGo3O1EDd47Elxv$rlvC19AVuyE7NUz1YMkS1oAqo7F/udVg+nOVtGuqcoU=", "last_login": "2022-04-06T09:35:17.390Z", "is_superuser": false, "username": "Elisa_Lüthi", "first_name": "", "last_name": "", "email": "", "is_staff": false, "is_active": true, "date_joined": "2022-04-06T09:35:17.115Z", "groups": [], "user_permissions": []}}, {"model": "auth.user", "pk": 39, "fields": {"password": "pbkdf2_sha256$260000$w3kJOM8kLljYZsjZthjfb3$Dz9niR5+1Tvd9606bft/WWqI+s9Cti7IMjL02Uq00so=", "last_login": "2022-04-06T09:36:12.412Z", "is_superuser": false, "username": "Livia_Marini", "first_name": "", "last_name": "", "email": "", "is_staff": false, "is_active": true, "date_joined": "2022-04-06T09:36:12.136Z", "groups": [], "user_permissions": []}}, {"model": "auth.user", "pk": 40, "fields": {"password": "pbkdf2_sha256$260000$GTKocbydpKdkxemmCt8BlG$NvsL1Ytb0V8jIcouNwTuh6GQFmGZub4BA5fx+WpnE4s=", "last_login": "2022-04-06T09:37:00.616Z", "is_superuser": false, "username": "Clara_Michel", "first_name": "", "last_name": "", "email": "", "is_staff": false, "is_active": true, "date_joined": "2022-04-06T09:37:00.323Z", "groups": [], "user_permissions": []}}, {"model": "auth.user", "pk": 41, "fields": {"password": "pbkdf2_sha256$260000$juxF0hTCe5Hs5t0GlLqirA$de1wSivn7GItPmyDJ5twnRsshrUfYMVzbi3zhB/EAMM=", "last_login": "2022-04-06T09:38:01.653Z", "is_superuser": false, "username": "Jessica_Montet", "first_name": "", "last_name": "", "email": "", "is_staff": false, "is_active": true, "date_joined": "2022-04-06T09:38:01.361Z", "groups": [], "user_permissions": []}}, {"model": "auth.user", "pk": 42, "fields": {"password": "pbkdf2_sha256$260000$tjui8xE1QoyT3dzYIHpaor$CIO2b/YWC+JYkUi7qUkmIr17Eafhsju3nA9QJcB29Xk=", "last_login": "2022-04-06T09:44:06.789Z", "is_superuser": false, "username": "Audrey_Pera", "first_name": "", "last_name": "", "email": "", "is_staff": false, "is_active": true, "date_joined": "2022-04-06T09:44:06.519Z", "groups": [], "user_permissions": []}}, {"model": "auth.user", "pk": 43, "fields": {"password": "pbkdf2_sha256$260000$IfzkWsBgqAi2Ro2aCNL9s0$R0SuvNQc/apZbJVxjpjRfoB5jJhPZpdwy1rty28bPTU=", "last_login": "2022-04-06T09:44:57Z", "is_superuser": false, "username": "Lorena_Plesu", "first_name": "", "last_name": "", "email": "", "is_staff": false, "is_active": true, "date_joined": "2022-04-06T09:44:56Z", "groups": [], "user_permissions": []}}, {"model": "auth.user", "pk": 44, "fields": {"password": "pbkdf2_sha256$260000$ajSTvGZncbIV8fRkxVkXaD$BTvQhRKcpnUvZrXHtAoniyUFdBWIH2yV9zGYErK2wa0=", "last_login": "2022-04-06T09:45:46.188Z", "is_superuser": false, "username": "Jasmine_Praz", "first_name": "", "last_name": "", "email": "", "is_staff": false, "is_active": true, "date_joined": "2022-04-06T09:45:45.896Z", "groups": [], "user_permissions": []}}, {"model": "auth.user", "pk": 46, "fields": {"password": "pbkdf2_sha256$260000$ZHWhEaq6biQCShmFMET1xG$n1zvPpQ4mnfBLtiehtDryfFHcAUtouN80wjIhz4ax6c=", "last_login": "2022-04-09T19:51:20.922Z", "is_superuser": false, "username": "David_Grunenvald", "first_name": "", "last_name": "", "email": "", "is_staff": false, "is_active": true, "date_joined": "2022-04-07T12:38:59Z", "groups": [], "user_permissions": []}}, {"model": "auth.user", "pk": 47, "fields": {"password": "pbkdf2_sha256$260000$clMyVnXDIVNy59FW8eAA4O$tx44adgIcCHxlmuZ0xYq2OkKFtCVIqgRl79Qpd5RiG4=", "last_login": "2022-04-09T19:50:05.476Z", "is_superuser": false, "username": "Alexander_Wohlfahrt", "first_name": "", "last_name": "", "email": "", "is_staff": false, "is_active": true, "date_joined": "2022-04-07T12:42:20Z", "groups": [], "user_permissions": []}}, {"model": "contenttypes.contenttype", "pk": 1, "fields": {"app_label": "He_Loveapp", "model": "appuser"}}, {"model": "contenttypes.contenttype", "pk": 2, "fields": {"app_label": "He_Loveapp", "model": "gender"}}, {"model": "contenttypes.contenttype", "pk": 3, "fields": {"app_label": "He_Loveapp", "model": "interest"}}, {"model": "contenttypes.contenttype", "pk": 4, "fields": {"app_label": "He_Loveapp", "model": "user_interest"}}, {"model": "contenttypes.contenttype", "pk": 5, "fields": {"app_label": "He_Loveapp", "model": "user_gender_interest"}}, {"model": "contenttypes.contenttype", "pk": 6, "fields": {"app_label": "He_Loveapp", "model": "picture"}}, {"model": "contenttypes.contenttype", "pk": 7, "fields": {"app_label": "He_Loveapp", "model": "match"}}, {"model": "contenttypes.contenttype", "pk": 8, "fields": {"app_label": "He_Loveapp", "model": "event"}}, {"model": "contenttypes.contenttype", "pk": 9, "fields": {"app_label": "He_Loveapp", "model": "dislike"}}, {"model": "contenttypes.contenttype", "pk": 10, "fields": {"app_label": "He_Loveapp", "model": "chat"}}, {"model": "contenttypes.contenttype", "pk": 11, "fields": {"app_label": "admin", "model": "logentry"}}, {"model": "contenttypes.contenttype", "pk": 12, "fields": {"app_label": "auth", "model": "permission"}}, {"model": "contenttypes.contenttype", "pk": 13, "fields": {"app_label": "auth", "model": "group"}}, {"model": "contenttypes.contenttype", "pk": 14, "fields": {"app_label": "auth", "model": "user"}}, {"model": "contenttypes.contenttype", "pk": 15, "fields": {"app_label": "contenttypes", "model": "contenttype"}}, {"model": "contenttypes.contenttype", "pk": 16, "fields": {"app_label": "sessions", "model": "session"}}]