[{"model": "He_Loveapp.gender", "pk": 1, "fields": {"name": "Homme"}}, {"model": "He_Loveapp.gender", "pk": 2, "fields": {"name": "Femme"}}, {"model": "He_Loveapp.gender", "pk": 3, "fields": {"name": "Transexuel(le)"}}, {"model": "He_Loveapp.gender", "pk": 4, "fields": {"name": "Non binaire"}}, {"model": "He_Loveapp.gender", "pk": 5, "fields": {"name": "Bisexuel(le)"}}, {"model": "He_Loveapp.gender", "pk": 6, "fields": {"name": "Autre"}}, {"model": "He_Loveapp.interest", "pk": 1, "fields": {"description": "Gastronomie"}}, {"model": "He_Loveapp.interest", "pk": 2, "fields": {"description": "Sushi"}}, {"model": "He_Loveapp.interest", "pk": 3, "fields": {"description": "Théâtre"}}, {"model": "He_Loveapp.interest", "pk": 4, "fields": {"description": "Sneakers"}}, {"model": "He_Loveapp.interest", "pk": 5, "fields": {"description": "Instagram"}}, {"model": "He_Loveapp.interest", "pk": 6, "fields": {"description": "Marche à pied"}}, {"model": "He_Loveapp.interest", "pk": 7, "fields": {"description": "Course à pied"}}, {"model": "He_Loveapp.interest", "pk": 8, "fields": {"description": "Voyage"}}, {"model": "He_Loveapp.interest", "pk": 9, "fields": {"description": "Discussion dans une autre langue"}}, {"model": "He_Loveapp.interest", "pk": 10, "fields": {"description": "Cinéma"}}, {"model": "He_Loveapp.interest", "pk": 11, "fields": {"description": "Golf"}}, {"model": "He_Loveapp.interest", "pk": 12, "fields": {"description": "Photographie"}}, {"model": "He_Loveapp.interest", "pk": 13, "fields": {"description": "Lecture"}}, {"model": "He_Loveapp.interest", "pk": 14, "fields": {"description": "Sports"}}, {"model": "He_Loveapp.interest", "pk": 15, "fields": {"description": "Café"}}, {"model": "He_Loveapp.interest", "pk": 16, "fields": {"description": "Karaoké"}}, {"model": "He_Loveapp.interest", "pk": 17, "fields": {"description": "Prendre un verre"}}, {"model": "He_Loveapp.interest", "pk": 18, "fields": {"description": "Itinéraire gourmand"}}, {"model": "He_Loveapp.interest", "pk": 19, "fields": {"description": "Investissement"}}, {"model": "He_Loveapp.interest", "pk": 20, "fields": {"description": "Promener le chien"}}, {"model": "He_Loveapp.interest", "pk": 21, "fields": {"description": "Skateboard"}}, {"model": "He_Loveapp.interest", "pk": 22, "fields": {"description": "Navigation"}}, {"model": "He_Loveapp.interest", "pk": 23, "fields": {"description": "Shopping"}}, {"model": "He_Loveapp.interest", "pk": 24, "fields": {"description": "Brunch"}}, {"model": "He_Loveapp.interest", "pk": 25, "fields": {"description": "Introverti(e)"}}, {"model": "He_Loveapp.interest", "pk": 26, "fields": {"description": "Mode de seconde main"}}, {"model": "He_Loveapp.interest", "pk": 27, "fields": {"description": "Shopping de seconde main"}}, {"model": "He_Loveapp.interest", "pk": 28, "fields": {"description": "Road trips"}}, {"model": "He_Loveapp.interest", "pk": 29, "fields": {"description": "Fripes"}}, {"model": "He_Loveapp.interest", "pk": 30, "fields": {"description": "Voguing"}}, {"model": "He_Loveapp.interest", "pk": 31, "fields": {"description": "Couchsurfing"}}, {"model": "He_Loveapp.interest", "pk": 32, "fields": {"description": "Happy hour"}}, {"model": "He_Loveapp.interest", "pk": 33, "fields": {"description": "Se faire des amis"}}, {"model": "He_Loveapp.interest", "pk": 34, "fields": {"description": "Toujours partant(e)"}}, {"model": "He_Loveapp.interest", "pk": 35, "fields": {"description": "Relations sérieuses"}}, {"model": "He_Loveapp.interest", "pk": 36, "fields": {"description": "Rencontres sans permission"}}, {"model": "He_Loveapp.interest", "pk": 37, "fields": {"description": "Randonnée"}}, {"model": "He_Loveapp.interest", "pk": 38, "fields": {"description": "Extraverti(e)"}}, {"model": "He_Loveapp.interest", "pk": 39, "fields": {"description": "Pêche"}}, {"model": "He_Loveapp.interest", "pk": 40, "fields": {"description": "Tennis"}}, {"model": "He_Loveapp.interest", "pk": 41, "fields": {"description": "Pétanque"}}, {"model": "He_Loveapp.interest", "pk": 42, "fields": {"description": "Expositions"}}, {"model": "He_Loveapp.interest", "pk": 43, "fields": {"description": "Ski"}}, {"model": "He_Loveapp.interest", "pk": 44, "fields": {"description": "Snowboard"}}, {"model": "He_Loveapp.interest", "pk": 45, "fields": {"description": "Street food"}}, {"model": "He_Loveapp.interest", "pk": 46, "fields": {"description": "Festivals"}}, {"model": "He_Loveapp.interest", "pk": 47, "fields": {"description": "Crossfit"}}, {"model": "He_Loveapp.interest", "pk": 48, "fields": {"description": "Sports mécaniques"}}, {"model": "He_Loveapp.interest", "pk": 49, "fields": {"description": "E-sports"}}, {"model": "He_Loveapp.interest", "pk": 50, "fields": {"description": "Escalade"}}, {"model": "He_Loveapp.interest", "pk": 51, "fields": {"description": "Pâtisserie"}}, {"model": "He_Loveapp.interest", "pk": 52, "fields": {"description": "Blogs"}}, {"model": "He_Loveapp.interest", "pk": 53, "fields": {"description": "Végétalisme"}}, {"model": "He_Loveapp.interest", "pk": 54, "fields": {"description": "Start-ups"}}, {"model": "He_Loveapp.interest", "pk": 55, "fields": {"description": "Tatouage"}}, {"model": "He_Loveapp.interest", "pk": 56, "fields": {"description": "Vegan"}}, {"model": "He_Loveapp.interest", "pk": 57, "fields": {"description": "Surf"}}, {"model": "He_Loveapp.interest", "pk": 58, "fields": {"description": "Ecrivain(e)"}}, {"model": "He_Loveapp.interest", "pk": 59, "fields": {"description": "Végétarien(ne)"}}, {"model": "He_Loveapp.interest", "pk": 60, "fields": {"description": "Mode"}}, {"model": "He_Loveapp.interest", "pk": 61, "fields": {"description": "Jeux vidéo"}}, {"model": "He_Loveapp.interest", "pk": 62, "fields": {"description": "Astrologie"}}, {"model": "He_Loveapp.interest", "pk": 63, "fields": {"description": "Motos"}}, {"model": "He_Loveapp.interest", "pk": 64, "fields": {"description": "Spiritualité"}}, {"model": "He_Loveapp.interest", "pk": 65, "fields": {"description": "Cuisine"}}, {"model": "He_Loveapp.interest", "pk": 66, "fields": {"description": "Football"}}, {"model": "He_Loveapp.interest", "pk": 67, "fields": {"description": "Sur la piste"}}, {"model": "He_Loveapp.interest", "pk": 68, "fields": {"description": "Jardinage"}}, {"model": "He_Loveapp.interest", "pk": 69, "fields": {"description": "Cuisinier(ère) amateur(trice)"}}, {"model": "He_Loveapp.interest", "pk": 70, "fields": {"description": "Art"}}, {"model": "He_Loveapp.interest", "pk": 71, "fields": {"description": "Bricolage"}}, {"model": "He_Loveapp.interest", "pk": 72, "fields": {"description": "Politique"}}, {"model": "He_Loveapp.interest", "pk": 73, "fields": {"description": "Cyclisme"}}, {"model": "He_Loveapp.interest", "pk": 74, "fields": {"description": "Musée"}}, {"model": "He_Loveapp.interest", "pk": 75, "fields": {"description": "Nature"}}, {"model": "He_Loveapp.interest", "pk": 76, "fields": {"description": "Activisme"}}, {"model": "He_Loveapp.interest", "pk": 77, "fields": {"description": "Pique-nique"}}, {"model": "He_Loveapp.interest", "pk": 78, "fields": {"description": "Comédie"}}, {"model": "He_Loveapp.interest", "pk": 79, "fields": {"description": "Musique"}}, {"model": "He_Loveapp.interest", "pk": 80, "fields": {"description": "Netflix"}}, {"model": "He_Loveapp.interest", "pk": 81, "fields": {"description": "Disney"}}, {"model": "He_Loveapp.interest", "pk": 82, "fields": {"description": "Fêtes"}}, {"model": "He_Loveapp.interest", "pk": 83, "fields": {"description": "Tarot"}}, {"model": "He_Loveapp.interest", "pk": 84, "fields": {"description": "Podcasts"}}, {"model": "He_Loveapp.interest", "pk": 85, "fields": {"description": "Personne à chien"}}, {"model": "He_Loveapp.interest", "pk": 86, "fields": {"description": "BBQ"}}, {"model": "He_Loveapp.interest", "pk": 87, "fields": {"description": "Bières artisanales"}}, {"model": "He_Loveapp.interest", "pk": 88, "fields": {"description": "Natation"}}, {"model": "He_Loveapp.interest", "pk": 89, "fields": {"description": "Thé"}}, {"model": "He_Loveapp.interest", "pk": 90, "fields": {"description": "Jeux de société"}}, {"model": "He_Loveapp.interest", "pk": 91, "fields": {"description": "Tango"}}, {"model": "He_Loveapp.interest", "pk": 92, "fields": {"description": "Quiz et culture générale"}}, {"model": "He_Loveapp.interest", "pk": 93, "fields": {"description": "Bénévolat"}}, {"model": "He_Loveapp.interest", "pk": 94, "fields": {"description": "Ecologie"}}, {"model": "He_Loveapp.interest", "pk": 95, "fields": {"description": "Vin"}}, {"model": "He_Loveapp.interest", "pk": 96, "fields": {"description": "Vlogs"}}, {"model": "He_Loveapp.interest", "pk": 97, "fields": {"description": "Personne à chat"}}, {"model": "He_Loveapp.interest", "pk": 98, "fields": {"description": "Fitness"}}, {"model": "He_Loveapp.interest", "pk": 99, "fields": {"description": "Yoga"}}, {"model": "He_Loveapp.appuser", "pk": 1, "fields": {"birth_date": "2001-03-27", "gender": 1, "description": "Je suis un beau-gosse", "rank": 0, "profile_picture": "userimages/defaultUserPP.png"}}, {"model": "He_Loveapp.appuser", "pk": 2, "fields": {"birth_date": "1998-05-14", "gender": 1, "description": "Je suis competent", "rank": 0, "profile_picture": "userimages/defaultUserPP.png"}}, {"model": "He_Loveapp.appuser", "pk": 3, "fields": {"birth_date": "1998-05-14", "gender": 2, "description": "Je suis competent", "rank": 0, "profile_picture": "userimages/defaultUserPP.png"}}, {"model": "He_Loveapp.picture", "pk": 1, "fields": {"user": 1, "path": "userimages/user_1/pp_t8fZV1s.png"}}, {"model": "He_Loveapp.picture", "pk": 2, "fields": {"user": 1, "path": "userimages/user_1/pp_rmolV5u.png"}}, {"model": "He_Loveapp.picture", "pk": 3, "fields": {"user": 3, "path": "userimages/user_3/pp_MMQ5jq3.png"}}, {"model": "He_Loveapp.picture", "pk": 4, "fields": {"user": 3, "path": "userimages/user_3/pp_4CRLz3U.png"}}, {"model": "He_Loveapp.picture", "pk": 5, "fields": {"user": 3, "path": "userimages/user_3/pp_tTFOUl7.png"}}, {"model": "He_Loveapp.user_interest", "pk": 1, "fields": {"user": 1, "interest": 2}}, {"model": "He_Loveapp.user_interest", "pk": 2, "fields": {"user": 1, "interest": 7}}, {"model": "He_Loveapp.user_interest", "pk": 3, "fields": {"user": 1, "interest": 10}}, {"model": "He_Loveapp.user_interest", "pk": 4, "fields": {"user": 1, "interest": 14}}, {"model": "He_Loveapp.user_interest", "pk": 5, "fields": {"user": 1, "interest": 32}}, {"model": "He_Loveapp.user_interest", "pk": 6, "fields": {"user": 2, "interest": 14}}, {"model": "He_Loveapp.user_interest", "pk": 7, "fields": {"user": 2, "interest": 18}}, {"model": "He_Loveapp.user_interest", "pk": 8, "fields": {"user": 2, "interest": 21}}, {"model": "He_Loveapp.user_interest", "pk": 9, "fields": {"user": 2, "interest": 73}}, {"model": "He_Loveapp.user_interest", "pk": 10, "fields": {"user": 2, "interest": 82}}, {"model": "He_Loveapp.user_interest", "pk": 11, "fields": {"user": 3, "interest": 1}}, {"model": "He_Loveapp.user_interest", "pk": 12, "fields": {"user": 3, "interest": 6}}, {"model": "He_Loveapp.user_interest", "pk": 13, "fields": {"user": 3, "interest": 14}}, {"model": "He_Loveapp.user_interest", "pk": 14, "fields": {"user": 3, "interest": 54}}, {"model": "He_Loveapp.user_interest", "pk": 15, "fields": {"user": 3, "interest": 59}}, {"model": "He_Loveapp.user_gender_interest", "pk": 1, "fields": {"user": 1, "gender": 1}}, {"model": "He_Loveapp.user_gender_interest", "pk": 2, "fields": {"user": 2, "gender": 1}}, {"model": "He_Loveapp.user_gender_interest", "pk": 3, "fields": {"user": 3, "gender": 1}}, {"model": "auth.permission", "pk": 1, "fields": {"name": "Can add user", "content_type": 1, "codename": "add_appuser"}}, {"model": "auth.permission", "pk": 2, "fields": {"name": "Can change user", "content_type": 1, "codename": "change_appuser"}}, {"model": "auth.permission", "pk": 3, "fields": {"name": "Can delete user", "content_type": 1, "codename": "delete_appuser"}}, {"model": "auth.permission", "pk": 4, "fields": {"name": "Can view user", "content_type": 1, "codename": "view_appuser"}}, {"model": "auth.permission", "pk": 5, "fields": {"name": "Can add gender", "content_type": 2, "codename": "add_gender"}}, {"model": "auth.permission", "pk": 6, "fields": {"name": "Can change gender", "content_type": 2, "codename": "change_gender"}}, {"model": "auth.permission", "pk": 7, "fields": {"name": "Can delete gender", "content_type": 2, "codename": "delete_gender"}}, {"model": "auth.permission", "pk": 8, "fields": {"name": "Can view gender", "content_type": 2, "codename": "view_gender"}}, {"model": "auth.permission", "pk": 9, "fields": {"name": "Can add interest", "content_type": 3, "codename": "add_interest"}}, {"model": "auth.permission", "pk": 10, "fields": {"name": "Can change interest", "content_type": 3, "codename": "change_interest"}}, {"model": "auth.permission", "pk": 11, "fields": {"name": "Can delete interest", "content_type": 3, "codename": "delete_interest"}}, {"model": "auth.permission", "pk": 12, "fields": {"name": "Can view interest", "content_type": 3, "codename": "view_interest"}}, {"model": "auth.permission", "pk": 13, "fields": {"name": "Can add user_interest", "content_type": 4, "codename": "add_user_interest"}}, {"model": "auth.permission", "pk": 14, "fields": {"name": "Can change user_interest", "content_type": 4, "codename": "change_user_interest"}}, {"model": "auth.permission", "pk": 15, "fields": {"name": "Can delete user_interest", "content_type": 4, "codename": "delete_user_interest"}}, {"model": "auth.permission", "pk": 16, "fields": {"name": "Can view user_interest", "content_type": 4, "codename": "view_user_interest"}}, {"model": "auth.permission", "pk": 17, "fields": {"name": "Can add user_gender_interest", "content_type": 5, "codename": "add_user_gender_interest"}}, {"model": "auth.permission", "pk": 18, "fields": {"name": "Can change user_gender_interest", "content_type": 5, "codename": "change_user_gender_interest"}}, {"model": "auth.permission", "pk": 19, "fields": {"name": "Can delete user_gender_interest", "content_type": 5, "codename": "delete_user_gender_interest"}}, {"model": "auth.permission", "pk": 20, "fields": {"name": "Can view user_gender_interest", "content_type": 5, "codename": "view_user_gender_interest"}}, {"model": "auth.permission", "pk": 21, "fields": {"name": "Can add picture", "content_type": 6, "codename": "add_picture"}}, {"model": "auth.permission", "pk": 22, "fields": {"name": "Can change picture", "content_type": 6, "codename": "change_picture"}}, {"model": "auth.permission", "pk": 23, "fields": {"name": "Can delete picture", "content_type": 6, "codename": "delete_picture"}}, {"model": "auth.permission", "pk": 24, "fields": {"name": "Can view picture", "content_type": 6, "codename": "view_picture"}}, {"model": "auth.permission", "pk": 25, "fields": {"name": "Can add match", "content_type": 7, "codename": "add_match"}}, {"model": "auth.permission", "pk": 26, "fields": {"name": "Can change match", "content_type": 7, "codename": "change_match"}}, {"model": "auth.permission", "pk": 27, "fields": {"name": "Can delete match", "content_type": 7, "codename": "delete_match"}}, {"model": "auth.permission", "pk": 28, "fields": {"name": "Can view match", "content_type": 7, "codename": "view_match"}}, {"model": "auth.permission", "pk": 29, "fields": {"name": "Can add event", "content_type": 8, "codename": "add_event"}}, {"model": "auth.permission", "pk": 30, "fields": {"name": "Can change event", "content_type": 8, "codename": "change_event"}}, {"model": "auth.permission", "pk": 31, "fields": {"name": "Can delete event", "content_type": 8, "codename": "delete_event"}}, {"model": "auth.permission", "pk": 32, "fields": {"name": "Can view event", "content_type": 8, "codename": "view_event"}}, {"model": "auth.permission", "pk": 33, "fields": {"name": "Can add dislike", "content_type": 9, "codename": "add_dislike"}}, {"model": "auth.permission", "pk": 34, "fields": {"name": "Can change dislike", "content_type": 9, "codename": "change_dislike"}}, {"model": "auth.permission", "pk": 35, "fields": {"name": "Can delete dislike", "content_type": 9, "codename": "delete_dislike"}}, {"model": "auth.permission", "pk": 36, "fields": {"name": "Can view dislike", "content_type": 9, "codename": "view_dislike"}}, {"model": "auth.permission", "pk": 37, "fields": {"name": "Can add chat", "content_type": 10, "codename": "add_chat"}}, {"model": "auth.permission", "pk": 38, "fields": {"name": "Can change chat", "content_type": 10, "codename": "change_chat"}}, {"model": "auth.permission", "pk": 39, "fields": {"name": "Can delete chat", "content_type": 10, "codename": "delete_chat"}}, {"model": "auth.permission", "pk": 40, "fields": {"name": "Can view chat", "content_type": 10, "codename": "view_chat"}}, {"model": "auth.permission", "pk": 41, "fields": {"name": "Can add log entry", "content_type": 11, "codename": "add_logentry"}}, {"model": "auth.permission", "pk": 42, "fields": {"name": "Can change log entry", "content_type": 11, "codename": "change_logentry"}}, {"model": "auth.permission", "pk": 43, "fields": {"name": "Can delete log entry", "content_type": 11, "codename": "delete_logentry"}}, {"model": "auth.permission", "pk": 44, "fields": {"name": "Can view log entry", "content_type": 11, "codename": "view_logentry"}}, {"model": "auth.permission", "pk": 45, "fields": {"name": "Can add permission", "content_type": 12, "codename": "add_permission"}}, {"model": "auth.permission", "pk": 46, "fields": {"name": "Can change permission", "content_type": 12, "codename": "change_permission"}}, {"model": "auth.permission", "pk": 47, "fields": {"name": "Can delete permission", "content_type": 12, "codename": "delete_permission"}}, {"model": "auth.permission", "pk": 48, "fields": {"name": "Can view permission", "content_type": 12, "codename": "view_permission"}}, {"model": "auth.permission", "pk": 49, "fields": {"name": "Can add group", "content_type": 13, "codename": "add_group"}}, {"model": "auth.permission", "pk": 50, "fields": {"name": "Can change group", "content_type": 13, "codename": "change_group"}}, {"model": "auth.permission", "pk": 51, "fields": {"name": "Can delete group", "content_type": 13, "codename": "delete_group"}}, {"model": "auth.permission", "pk": 52, "fields": {"name": "Can view group", "content_type": 13, "codename": "view_group"}}, {"model": "auth.permission", "pk": 53, "fields": {"name": "Can add user", "content_type": 14, "codename": "add_user"}}, {"model": "auth.permission", "pk": 54, "fields": {"name": "Can change user", "content_type": 14, "codename": "change_user"}}, {"model": "auth.permission", "pk": 55, "fields": {"name": "Can delete user", "content_type": 14, "codename": "delete_user"}}, {"model": "auth.permission", "pk": 56, "fields": {"name": "Can view user", "content_type": 14, "codename": "view_user"}}, {"model": "auth.permission", "pk": 57, "fields": {"name": "Can add content type", "content_type": 15, "codename": "add_contenttype"}}, {"model": "auth.permission", "pk": 58, "fields": {"name": "Can change content type", "content_type": 15, "codename": "change_contenttype"}}, {"model": "auth.permission", "pk": 59, "fields": {"name": "Can delete content type", "content_type": 15, "codename": "delete_contenttype"}}, {"model": "auth.permission", "pk": 60, "fields": {"name": "Can view content type", "content_type": 15, "codename": "view_contenttype"}}, {"model": "auth.permission", "pk": 61, "fields": {"name": "Can add session", "content_type": 16, "codename": "add_session"}}, {"model": "auth.permission", "pk": 62, "fields": {"name": "Can change session", "content_type": 16, "codename": "change_session"}}, {"model": "auth.permission", "pk": 63, "fields": {"name": "Can delete session", "content_type": 16, "codename": "delete_session"}}, {"model": "auth.permission", "pk": 64, "fields": {"name": "Can view session", "content_type": 16, "codename": "view_session"}}, {"model": "auth.user", "pk": 1, "fields": {"password": "pbkdf2_sha256$260000$UIETa6P6cgGsRjbql29F2f$wgGIsUtEo79sGTzKkwMQuiRVcau633+mUj1fBMLCoI8=", "last_login": "2022-04-06T06:59:48.793Z", "is_superuser": false, "username": "lenny", "first_name": "", "last_name": "", "email": "", "is_staff": false, "is_active": true, "date_joined": "2022-04-06T06:59:48.612Z", "groups": [], "user_permissions": []}}, {"model": "auth.user", "pk": 2, "fields": {"password": "pbkdf2_sha256$260000$XTWtiyK5cIbbCCBRQ4o2Pz$O9dF0h7ZE/mZSl44SRHRWagrr4ZgsqkxE0kHFrm9epA=", "last_login": "2022-04-06T07:01:36.451Z", "is_superuser": false, "username": "luca", "first_name": "", "last_name": "", "email": "", "is_staff": false, "is_active": true, "date_joined": "2022-04-06T07:01:36.343Z", "groups": [], "user_permissions": []}}, {"model": "auth.user", "pk": 3, "fields": {"password": "pbkdf2_sha256$260000$f8cp1ScAejb1OyQMbzkdB1$GqV63rTfDgliMMGJNGfcOTmbgYl0XHxR4qzipeeaNsQ=", "last_login": "2022-04-06T07:03:31.225Z", "is_superuser": false, "username": "leon", "first_name": "", "last_name": "", "email": "", "is_staff": false, "is_active": true, "date_joined": "2022-04-06T07:03:31.112Z", "groups": [], "user_permissions": []}}, {"model": "contenttypes.contenttype", "pk": 1, "fields": {"app_label": "He_Loveapp", "model": "appuser"}}, {"model": "contenttypes.contenttype", "pk": 2, "fields": {"app_label": "He_Loveapp", "model": "gender"}}, {"model": "contenttypes.contenttype", "pk": 3, "fields": {"app_label": "He_Loveapp", "model": "interest"}}, {"model": "contenttypes.contenttype", "pk": 4, "fields": {"app_label": "He_Loveapp", "model": "user_interest"}}, {"model": "contenttypes.contenttype", "pk": 5, "fields": {"app_label": "He_Loveapp", "model": "user_gender_interest"}}, {"model": "contenttypes.contenttype", "pk": 6, "fields": {"app_label": "He_Loveapp", "model": "picture"}}, {"model": "contenttypes.contenttype", "pk": 7, "fields": {"app_label": "He_Loveapp", "model": "match"}}, {"model": "contenttypes.contenttype", "pk": 8, "fields": {"app_label": "He_Loveapp", "model": "event"}}, {"model": "contenttypes.contenttype", "pk": 9, "fields": {"app_label": "He_Loveapp", "model": "dislike"}}, {"model": "contenttypes.contenttype", "pk": 10, "fields": {"app_label": "He_Loveapp", "model": "chat"}}, {"model": "contenttypes.contenttype", "pk": 11, "fields": {"app_label": "admin", "model": "logentry"}}, {"model": "contenttypes.contenttype", "pk": 12, "fields": {"app_label": "auth", "model": "permission"}}, {"model": "contenttypes.contenttype", "pk": 13, "fields": {"app_label": "auth", "model": "group"}}, {"model": "contenttypes.contenttype", "pk": 14, "fields": {"app_label": "auth", "model": "user"}}, {"model": "contenttypes.contenttype", "pk": 15, "fields": {"app_label": "contenttypes", "model": "contenttype"}}, {"model": "contenttypes.contenttype", "pk": 16, "fields": {"app_label": "sessions", "model": "session"}}]